id,Date,Location,MinTemp,MaxTemp,Rainfall,Evaporation,Sunshine,WindGustDir,WindGustSpeed,WindDir9am,WindDir3pm,WindSpeed9am
20089,2016-01-14,NorahHead,22.2,37.5,0.0,,,S,85.0,NNE,NE,17.0
18391,2011-01-10,NorahHead,21.3,25.3,3.2,,,ENE,46.0,ENE,E,26.0
11472,2016-05-14,CoffsHarbour,10.3,25.0,0.0,,,NE,30.0,SW,NE,9.0
14313,2016-05-01,Moree,21.4,24.7,0.0,,,SW,48.0,WNW,SSW,19.0
22771,2015-02-22,NorfolkIsland,20.0,26.4,0.0,7.2,7.6,E,46.0,ENE,E,28.0
19305,2013-10-20,NorahHead,15.8,24.9,0.0,,,NE,46.0,N,NE,7.0
10479,2013-07-04,CoffsHarbour,10.8,21.8,0.0,1.6,,N,41.0,NW,N,11.0
13024,2012-03-26,Moree,15.7,29.2,0.0,6.8,11.1,NE,37.0,NNE,NNW,15.0
12356,2010-04-22,Moree,16.8,29.8,0.0,6.6,9.5,ENE,30.0,ENE,ESE,13.0
7899,2014-08-18,Cobar,7.3,14.3,1.8,0.8,,SW,39.0,SW,SW,20.0
2221,2015-04-23,Albury,12.7,24.0,0.2,,,SE,30.0,N,S,6.0
24250,2010-11-06,Penrith,12.2,18.1,3.4,,,SE,28.0,SSW,SSW,13.0
7585,2013-10-08,Cobar,10.1,25.9,0.0,9.0,,SW,48.0,SE,S,9.0
2813,2016-12-05,Albury,19.3,32.8,0.0,,,WSW,44.0,E,WSW,6.0
471,2010-03-25,Albury,11.6,29.6,0.0,,,NNW,24.0,E,NNW,4.0
23248,2016-06-14,NorfolkIsland,14.7,18.5,0.4,14.4,,ESE,54.0,ESE,ESE,24.0
18596,2011-09-05,NorahHead,12.8,22.5,0.0,,,NNE,43.0,N,NE,11.0
23418,2016-12-08,NorfolkIsland,19.4,24.5,0.0,5.6,,W,41.0,W,WNW,24.0
11540,2016-07-21,CoffsHarbour,16.1,18.8,2.8,,,SW,22.0,WSW,SW,13.0
10814,2014-06-15,CoffsHarbour,5.6,20.4,0.0,,,,,,,
18201,2010-06-24,NorahHead,12.0,17.8,3.2,,,NNW,31.0,SW,ENE,7.0
3366,2009-12-28,BadgerysCreek,19.0,26.2,23.4,,,E,31.0,W,,9.0
24763,2012-05-21,Penrith,8.2,20.5,0.0,,,NNE,19.0,,ENE,0.0
20755,2009-05-18,NorfolkIsland,17.2,20.5,0.6,1.8,8.3,SSE,41.0,S,S,28.0
11049,2015-03-16,CoffsHarbour,18.0,25.4,1.8,,,SW,43.0,SW,S,28.0
4188,2012-06-03,BadgerysCreek,12.7,15.3,16.0,,,WSW,15.0,SW,SE,6.0
5029,2014-12-04,BadgerysCreek,19.4,31.6,7.4,,,SW,50.0,N,ENE,11.0
7270,2012-09-27,Cobar,14.3,34.9,0.0,8.0,,NNE,52.0,NNE,NNW,19.0
20534,2017-04-03,NorahHead,15.0,22.2,7.6,,,SSE,67.0,WSW,SSE,11.0
14615,2017-02-27,Moree,15.8,32.7,0.0,,,E,57.0,ESE,SE,13.0
21018,2010-02-05,NorfolkIsland,21.5,26.3,0.2,8.4,8.7,E,69.0,E,E,39.0
15922,2012-04-29,Newcastle,10.7,21.7,0.0,,,,,NW,SE,6.0
8077,2015-02-12,Cobar,23.1,35.1,0.0,6.4,,E,44.0,SSE,SSE,9.0
9476,2010-07-05,CoffsHarbour,7.0,18.5,0.0,1.8,6.2,SSW,31.0,SW,SSE,13.0
760,2011-01-09,Albury,20.1,33.0,0.0,,,ENE,61.0,SE,SSE,17.0
2726,2016-09-09,Albury,12.6,17.8,4.0,,,N,50.0,NNE,NE,20.0
3607,2010-09-25,BadgerysCreek,5.5,25.9,0.0,,,SW,26.0,W,SW,2.0
12764,2011-07-04,Moree,8.1,23.4,0.0,2.8,5.5,NNE,30.0,NE,WNW,17.0
4141,2012-04-17,BadgerysCreek,14.1,20.9,0.0,,,S,37.0,SW,S,11.0
14522,2016-11-26,Moree,13.5,33.0,0.0,,,W,31.0,E,ESE,13.0
14147,2015-10-24,Moree,16.0,30.7,0.0,,,NE,39.0,ENE,N,20.0
12005,2009-05-06,Moree,9.1,25.1,0.0,4.8,10.1,E,33.0,E,S,17.0
24067,2010-04-20,Penrith,15.3,27.3,0.0,,,ENE,20.0,,NE,0.0
19647,2014-10-11,NorahHead,15.4,22.2,0.0,,,NNE,30.0,,ENE,0.0
15412,2010-10-10,Newcastle,13.2,24.0,0.0,,,,,,,
10920,2014-09-30,CoffsHarbour,11.0,30.0,0.0,,,,,,,
6118,2009-06-29,Cobar,7.2,19.8,0.0,1.4,7.1,N,31.0,N,NW,13.0
19835,2015-04-17,NorahHead,20.6,24.1,0.0,,,SSE,35.0,S,S,6.0
20139,2016-03-04,NorahHead,20.6,29.2,0.2,,,NE,26.0,N,NE,13.0
2904,2017-03-07,Albury,16.8,29.9,0.0,,,SE,28.0,SE,ESE,20.0
22643,2014-10-17,NorfolkIsland,17.5,21.3,2.6,3.6,1.5,NE,35.0,NNE,NE,22.0
2687,2016-08-01,Albury,9.6,11.8,3.8,,,N,33.0,,N,0.0
24567,2011-11-06,Penrith,15.4,33.7,0.0,,,NW,33.0,NW,NW,6.0
19869,2015-05-22,NorahHead,13.5,17.5,2.4,,,S,96.0,WSW,S,17.0
17096,2015-10-17,Newcastle,16.8,25.2,0.0,,,,,SE,,19.0
17402,2016-08-29,Newcastle,5.2,20.8,0.0,,,,,,,0.0
2902,2017-03-05,Albury,19.2,32.4,0.0,,,SE,33.0,S,E,9.0
15362,2010-08-21,Newcastle,5.8,18.0,0.0,,,,,W,NW,4.0
18049,2010-01-14,NorahHead,20.0,22.5,18.0,,,NNE,52.0,SW,S,22.0
1879,2014-05-11,Albury,8.1,18.0,11.4,,,WNW,26.0,W,WNW,7.0
21591,2011-10-02,NorfolkIsland,17.3,20.2,0.8,2.4,0.5,N,65.0,NNE,N,28.0
1994,2014-09-04,Albury,0.2,16.3,0.0,,,WSW,24.0,SE,SSW,2.0
15931,2012-05-08,Newcastle,7.0,22.6,0.0,,,,,NW,,4.0
4570,2013-08-22,BadgerysCreek,-0.1,17.5,,,,WNW,43.0,NNE,NW,9.0
18484,2011-05-14,NorahHead,10.7,16.2,0.0,,,SW,39.0,WSW,SW,15.0
20545,2017-04-14,NorahHead,15.7,23.8,0.4,,,S,28.0,W,SSE,7.0
4247,2012-08-01,BadgerysCreek,3.2,15.8,0.0,,,S,37.0,WSW,SSW,9.0
5688,2016-09-30,BadgerysCreek,7.6,18.7,1.0,,,NW,52.0,NNW,NW,19.0
9223,2009-10-25,CoffsHarbour,15.6,26.0,0.0,5.0,9.3,SSW,63.0,SSE,ENE,9.0
12599,2010-12-21,Moree,8.1,28.9,0.0,9.2,13.0,S,39.0,SSE,S,11.0
7932,2014-09-20,Cobar,5.5,21.5,0.0,3.6,,SSE,33.0,SSE,S,17.0
15264,2010-05-15,Newcastle,7.5,21.7,0.0,,,,,,SE,0.0
14826,2009-03-03,Newcastle,20.2,28.0,0.0,,,,,NE,NE,4.0
13586,2013-12-19,Moree,18.1,34.8,0.0,14.4,13.0,ENE,41.0,NE,ENE,26.0
10595,2013-10-28,CoffsHarbour,15.6,25.7,0.0,6.0,7.8,NNE,61.0,NNW,NE,24.0
8190,2015-06-05,Cobar,6.7,13.4,0.0,3.0,,WNW,31.0,SW,SW,17.0
15775,2011-11-23,Newcastle,15.4,17.8,4.2,,,,,SE,,6.0
4040,2012-01-06,BadgerysCreek,17.8,21.9,1.8,,,SSE,31.0,S,SE,13.0
11146,2015-06-21,CoffsHarbour,9.7,18.6,0.0,,,SSW,37.0,WSW,S,22.0
18476,2011-05-05,NorahHead,13.1,18.9,5.0,,,S,59.0,SW,SSW,20.0
17212,2016-02-13,Newcastle,18.8,29.9,0.0,,,,,NE,,9.0
382,2009-12-20,Albury,12.0,31.3,0.0,,,NNW,31.0,SSE,ESE,7.0
16757,2014-11-04,Newcastle,15.1,24.5,0.0,,,,,NE,NE,4.0
10561,2013-09-24,CoffsHarbour,17.3,27.9,0.0,5.0,4.9,NNW,37.0,NW,NNE,13.0
4459,2013-05-01,BadgerysCreek,16.1,26.4,0.0,,,SE,24.0,,E,0.0
24940,2012-11-15,Penrith,15.6,29.4,2.0,,,ENE,20.0,NNE,S,4.0
20934,2009-11-13,NorfolkIsland,15.7,21.2,0.0,4.6,10.6,S,31.0,SSW,SW,19.0
22607,2014-09-11,NorfolkIsland,15.1,20.7,0.0,3.0,9.7,ENE,28.0,NE,WSW,15.0
23334,2016-09-08,NorfolkIsland,15.3,19.0,0.4,4.0,,S,50.0,SSE,SSE,24.0
5996,2009-02-27,Cobar,19.9,33.5,0.0,9.2,12.3,NE,39.0,ENE,N,26.0
2276,2015-06-17,Albury,11.3,12.6,11.6,,,W,20.0,S,WSW,2.0
7306,2012-11-02,Cobar,10.9,26.1,0.0,11.0,,S,39.0,S,S,17.0
2948,2017-04-24,Albury,11.0,23.3,0.0,,,ESE,17.0,ENE,SE,2.0
22270,2013-10-09,NorfolkIsland,13.5,18.8,2.2,3.2,7.7,,,SSE,S,4.0
24612,2011-12-21,Penrith,17.5,25.4,0.0,,,ESE,22.0,WSW,E,2.0
10603,2013-11-05,CoffsHarbour,13.6,23.1,0.0,9.2,5.7,S,48.0,SW,S,20.0
15512,2011-01-24,Newcastle,17.5,36.8,0.0,,,,,NE,NW,6.0
24382,2011-05-03,Penrith,12.0,19.9,0.2,,,WSW,22.0,,WSW,0.0
13167,2012-08-18,Moree,0.7,16.5,0.0,7.8,10.8,WSW,44.0,WNW,WSW,19.0
4146,2012-04-22,BadgerysCreek,12.7,19.8,1.2,,,WSW,11.0,NE,WSW,6.0
19831,2015-04-13,NorahHead,14.6,20.2,1.6,,,S,37.0,SW,S,11.0
16275,2013-07-03,Newcastle,6.6,18.5,0.2,,,,,,NE,0.0
19657,2014-10-21,NorahHead,15.5,18.6,1.2,,,ESE,35.0,ESE,E,20.0
3891,2011-08-08,BadgerysCreek,2.7,17.4,5.0,,,W,30.0,WNW,SSW,2.0
15623,2011-06-19,Newcastle,6.5,18.1,0.0,,,,,NW,,4.0
7189,2012-07-08,Cobar,4.4,19.2,0.0,2.2,,NE,39.0,ENE,NE,19.0
20739,2009-05-02,NorfolkIsland,16.4,20.3,11.4,4.2,9.9,S,61.0,S,S,26.0
3693,2010-12-21,BadgerysCreek,11.0,26.7,0.0,,,WSW,46.0,WNW,W,9.0
22852,2015-05-14,NorfolkIsland,17.8,23.1,10.8,3.8,7.2,W,87.0,N,NW,22.0
6959,2011-11-21,Cobar,13.8,21.6,2.6,2.0,,E,28.0,ESE,SW,13.0
15189,2010-03-01,Newcastle,13.2,21.4,14.2,,,,,SE,SE,19.0
4858,2014-06-14,BadgerysCreek,13.2,20.2,5.6,,,W,24.0,,W,0.0
22917,2015-07-18,NorfolkIsland,15.9,19.4,27.8,3.8,7.7,WNW,65.0,W,W,39.0
7912,2014-08-31,Cobar,7.2,23.1,0.0,3.0,,NE,22.0,NNE,SW,11.0
11255,2015-10-08,CoffsHarbour,17.0,20.0,0.0,,,SW,48.0,SW,SSE,24.0
24332,2011-02-11,Penrith,18.5,38.5,0.0,,,SE,39.0,SSE,NW,2.0
15630,2011-06-26,Newcastle,6.0,20.0,0.0,,,,,,,0.0
944,2011-08-11,Albury,3.4,16.8,2.8,,,SSE,37.0,SE,SE,4.0
17493,2016-11-29,Newcastle,19.4,26.2,0.0,,,,,,,0.0
17683,2017-06-19,Newcastle,13.0,20.3,20.0,,,,,W,,28.0
5701,2016-10-13,BadgerysCreek,10.7,19.2,0.0,,,SW,39.0,SSW,S,24.0
22569,2014-08-04,NorfolkIsland,13.7,16.8,2.4,1.8,8.9,SSE,48.0,S,SSE,24.0
12020,2009-05-21,Moree,12.9,17.3,8.8,4.8,0.0,ESE,41.0,S,ESE,11.0
14288,2016-04-06,Moree,17.3,33.2,0.0,,,NE,37.0,NE,WNW,30.0
16791,2014-12-08,Newcastle,19.2,31.0,20.2,,,,,NW,NE,4.0
6861,2011-08-15,Cobar,7.4,21.5,0.0,3.0,,E,20.0,E,ESE,9.0
13553,2013-11-10,Moree,16.9,32.5,0.0,14.4,9.5,SW,41.0,S,W,2.0
941,2011-08-08,Albury,7.1,12.3,8.2,,,WSW,24.0,S,W,6.0
5830,2017-03-09,BadgerysCreek,16.0,23.5,0.4,,,SSW,28.0,SSW,ESE,9.0
14258,2016-02-29,Moree,21.9,36.5,0.0,12.2,12.0,E,44.0,E,WSW,20.0
16148,2013-01-17,Newcastle,20.8,32.4,0.0,,,,,,SE,0.0
19993,2015-10-09,NorahHead,17.2,24.7,0.0,,,NE,41.0,NNE,NE,28.0
619,2010-08-21,Albury,6.3,12.9,0.0,,,WNW,39.0,WNW,W,17.0
6509,2010-07-26,Cobar,1.1,17.5,0.0,2.2,,SE,30.0,SSE,ESE,4.0
14506,2016-11-10,Moree,16.6,31.8,19.6,,,WSW,31.0,ESE,SSW,13.0
23273,2016-07-09,NorfolkIsland,15.5,19.5,2.4,,,WSW,61.0,SW,SW,26.0
17918,2009-08-19,NorahHead,9.7,19.6,0.0,,,NNE,44.0,NW,NE,6.0
8078,2015-02-13,Cobar,20.9,35.6,0.0,11.6,,ENE,37.0,ENE,ENE,17.0
13498,2013-09-16,Moree,15.8,18.8,1.0,7.6,0.0,NW,76.0,NE,NE,17.0
7703,2014-02-03,Cobar,24.7,39.5,0.0,14.2,,E,39.0,NE,SW,19.0
18510,2011-06-10,NorahHead,8.6,16.6,0.0,,,SW,43.0,WNW,SW,9.0
11576,2016-08-26,CoffsHarbour,4.9,17.5,0.0,,,SW,37.0,SW,S,22.0
12878,2011-10-27,Moree,16.0,27.1,0.2,6.6,10.4,NE,39.0,E,NE,26.0
16944,2015-05-17,Newcastle,10.5,19.8,12.0,,,,,,SE,0.0
24608,2011-12-17,Penrith,14.8,25.3,0.0,,,ESE,22.0,S,NE,2.0
2851,2017-01-12,Albury,14.5,35.0,0.0,,,S,20.0,SE,SSE,6.0
10833,2014-07-04,CoffsHarbour,6.5,20.9,0.0,,,,,,,
22096,2013-04-18,NorfolkIsland,17.1,23.4,0.0,1.8,7.4,W,22.0,,WNW,0.0
2043,2014-10-27,Albury,14.3,22.0,0.2,,,W,67.0,S,WSW,7.0
17186,2016-01-18,Newcastle,16.6,26.8,4.2,,,,,,,0.0
2069,2014-11-22,Albury,12.6,33.2,0.0,,,W,35.0,ESE,W,9.0
24424,2011-06-14,Penrith,12.0,16.0,4.4,,,SSW,43.0,SSW,SSW,17.0
21098,2010-04-26,NorfolkIsland,19.7,22.1,1.4,3.2,0.2,N,41.0,NE,NNE,19.0
12885,2011-11-03,Moree,12.0,29.8,0.0,9.4,13.0,SW,44.0,SSW,SW,7.0
22902,2015-07-03,NorfolkIsland,15.8,19.7,3.2,2.6,3.1,WSW,54.0,NNW,WNW,9.0
2953,2017-04-29,Albury,6.3,19.8,0.0,,,W,24.0,E,WNW,6.0
4416,2013-03-19,BadgerysCreek,9.5,25.3,0.0,,,E,30.0,SW,ENE,9.0
24961,2013-01-06,Penrith,20.1,35.7,0.0,,,SE,33.0,SSW,SSE,7.0
2252,2015-05-24,Albury,-0.2,13.9,0.0,,,SE,13.0,,ESE,0.0
9948,2011-11-19,CoffsHarbour,19.1,28.2,0.2,4.0,13.0,NE,57.0,N,NE,19.0
5142,2015-03-28,BadgerysCreek,8.0,24.9,0.0,,,E,30.0,SW,NNE,7.0
24887,2012-09-23,Penrith,7.8,30.6,0.0,,,NNW,41.0,N,W,7.0
21048,2010-03-07,NorfolkIsland,19.6,25.3,0.2,6.8,9.2,E,44.0,SE,E,26.0
20071,2015-12-26,NorahHead,18.8,24.2,0.6,,,NE,43.0,NE,NNE,24.0
19357,2013-12-11,NorahHead,19.8,25.0,0.0,,,SSE,37.0,SSW,E,6.0
11262,2015-10-15,CoffsHarbour,17.6,24.4,4.4,,,NE,33.0,SW,NE,7.0
22709,2014-12-22,NorfolkIsland,19.4,23.0,71.0,,0.2,E,39.0,WNW,ENE,9.0
20244,2016-06-17,NorahHead,12.5,19.4,0.0,,,N,39.0,NNW,N,17.0
24113,2010-06-09,Penrith,4.6,16.8,0.2,,,WNW,59.0,NE,W,9.0
4153,2012-04-29,BadgerysCreek,9.3,18.3,0.0,,,S,37.0,SSW,SE,19.0
11287,2015-11-10,CoffsHarbour,12.2,24.3,0.0,,,E,26.0,SE,E,9.0
5024,2014-11-29,BadgerysCreek,12.9,31.5,0.2,,,E,33.0,N,NE,4.0
20956,2009-12-05,NorfolkIsland,16.8,23.2,0.0,7.4,13.1,S,30.0,S,SSE,15.0
13132,2012-07-14,Moree,12.5,15.1,40.2,0.6,0.1,WNW,26.0,NW,NW,15.0
15749,2011-10-28,Newcastle,14.7,24.4,0.0,,,,,NE,NE,6.0
9939,2011-11-10,CoffsHarbour,18.3,31.5,0.0,5.0,7.7,NE,33.0,NNW,NE,17.0
1720,2013-12-03,Albury,15.1,37.1,0.0,,,W,44.0,SSE,NW,9.0
23761,2009-05-31,Penrith,11.7,18.0,9.2,,,NE,26.0,SSW,SSW,15.0
11058,2015-03-25,CoffsHarbour,22.0,24.8,0.0,,,S,37.0,S,SSW,26.0
2530,2016-02-26,Albury,14.9,31.2,0.2,,,WNW,33.0,,W,0.0
15122,2009-12-24,Newcastle,19.7,33.5,0.0,,,,,,NE,0.0
19607,2014-08-31,NorahHead,12.5,18.5,0.2,,,S,30.0,S,SSE,9.0
22486,2014-05-13,NorfolkIsland,14.9,20.8,0.2,1.8,2.8,NE,26.0,ENE,E,17.0
18737,2012-01-24,NorahHead,20.1,23.9,0.6,,,ENE,33.0,ESE,E,19.0
21094,2010-04-22,NorfolkIsland,16.3,22.2,0.4,3.4,8.1,SSE,33.0,ESE,SE,17.0
6911,2011-10-04,Cobar,9.0,23.3,0.0,4.6,,NE,33.0,NE,ESE,22.0
17912,2009-08-13,NorahHead,10.5,19.6,0.0,,,WNW,28.0,WNW,E,13.0
1192,2012-04-20,Albury,14.6,22.7,34.2,,,SW,19.0,SSE,E,7.0
3500,2010-06-04,BadgerysCreek,13.4,16.9,36.0,,,S,41.0,SW,SE,19.0
20516,2017-03-16,NorahHead,21.5,26.1,12.4,,,NE,54.0,ENE,NE,39.0
15094,2009-11-26,Newcastle,18.3,31.0,0.0,,,,,,NE,0.0
20895,2009-10-05,NorfolkIsland,14.1,18.2,7.8,3.4,8.0,SSE,41.0,SE,SE,22.0
16581,2014-05-12,Newcastle,11.9,22.2,15.7,,,,,,SE,0.0
9041,2009-04-26,CoffsHarbour,13.0,27.8,0.0,3.8,10.5,N,37.0,N,NW,15.0
1921,2014-06-23,Albury,5.8,12.2,0.0,,,NNE,52.0,NNE,N,20.0
24101,2010-05-28,Penrith,11.6,20.4,,,,NE,20.0,,NE,
19267,2013-09-12,NorahHead,11.9,21.5,0.0,,,S,78.0,WNW,E,4.0
19888,2015-06-10,NorahHead,12.7,16.8,6.2,,,SSE,50.0,SSE,S,11.0
3033,2009-01-23,BadgerysCreek,20.3,36.1,0.2,,,NE,43.0,E,ENE,6.0
820,2011-03-10,Albury,18.7,20.8,13.4,,,N,22.0,ENE,ENE,9.0
813,2011-03-03,Albury,8.4,22.3,0.0,,,WSW,37.0,ESE,WSW,4.0
22072,2013-03-25,NorfolkIsland,18.8,24.5,0.0,6.6,8.2,E,43.0,E,E,19.0
23052,2015-11-30,NorfolkIsland,20.7,25.0,0.0,3.8,11.4,ENE,44.0,NE,ENE,24.0
6932,2011-10-25,Cobar,17.3,27.0,2.8,11.2,,SSW,41.0,SSE,SW,7.0
2030,2014-10-14,Albury,7.3,18.1,3.2,,,ESE,41.0,WSW,S,11.0
7238,2012-08-26,Cobar,2.2,17.4,0.0,3.2,,SW,30.0,NW,SW,9.0
12440,2010-07-15,Moree,6.2,15.9,0.0,3.4,10.1,SSW,41.0,WSW,SW,24.0
6688,2011-01-21,Cobar,23.3,36.0,0.0,11.6,,SE,54.0,NE,NE,22.0
2208,2015-04-10,Albury,7.6,24.2,0.0,,,S,24.0,SSE,SW,9.0
5374,2015-11-21,BadgerysCreek,16.6,22.9,0.0,,,S,33.0,SW,E,2.0
15536,2011-02-17,Newcastle,21.1,32.2,0.0,,,,,,SE,0.0
12913,2011-12-01,Moree,20.1,24.8,7.0,6.6,5.7,SSW,41.0,SSW,SE,13.0
24109,2010-06-05,Penrith,13.3,20.3,8.4,,,WSW,33.0,SSW,SW,19.0
10353,2013-01-30,CoffsHarbour,21.5,26.4,0.2,2.8,9.0,SSW,35.0,SW,S,15.0
3457,2010-04-11,BadgerysCreek,14.2,27.8,0.0,,,SW,44.0,NNE,WNW,11.0
16990,2015-07-02,Newcastle,5.6,15.5,0.0,,,,,NW,NW,9.0
7145,2012-05-25,Cobar,3.9,13.5,1.6,1.0,,WSW,39.0,NW,WNW,19.0
21070,2010-03-29,NorfolkIsland,18.6,24.7,8.6,6.6,7.6,E,52.0,E,ESE,31.0
14864,2009-04-10,Newcastle,13.0,24.0,0.0,,,,,,,0.0
12681,2011-03-13,Moree,18.4,33.2,0.0,15.2,11.6,E,35.0,E,E,19.0
7599,2013-10-22,Cobar,21.8,38.1,5.0,13.0,,NW,69.0,N,NNW,19.0
17294,2016-05-13,Newcastle,12.8,25.2,0.0,,,,,N,,19.0
17283,2016-05-02,Newcastle,13.4,24.8,2.6,,,,,,,0.0
20917,2009-10-27,NorfolkIsland,16.7,20.2,0.0,8.0,10.0,SW,54.0,SW,S,28.0
2913,2017-03-17,Albury,19.3,31.2,0.0,,,SE,35.0,SE,SSE,20.0
3760,2011-02-27,BadgerysCreek,16.6,29.5,0.0,,,E,26.0,WNW,N,6.0
21231,2010-09-06,NorfolkIsland,16.8,21.9,0.0,4.4,8.8,N,44.0,NNE,N,20.0
24996,2013-03-10,Penrith,16.7,30.5,0.0,,,NE,24.0,ESE,N,4.0
16386,2013-10-22,Newcastle,18.6,28.2,0.0,,,,,SE,SE,9.0
5993,2009-02-24,Cobar,21.0,34.7,2.0,10.0,9.0,E,46.0,NNE,NW,15.0
11277,2015-10-30,CoffsHarbour,14.4,24.0,2.6,,,NNE,35.0,SSE,NE,13.0
14487,2016-10-22,Moree,17.6,21.4,28.4,,,NNE,54.0,NNE,SW,31.0
19212,2013-07-14,NorahHead,11.5,19.1,0.0,,,WSW,19.0,WSW,E,11.0
17260,2016-04-09,Newcastle,13.2,25.2,1.0,,,,,,,
16231,2013-05-13,Newcastle,11.4,21.0,0.2,,,,,SW,,4.0
15743,2011-10-22,Newcastle,16.0,26.5,0.0,,,,,SE,SE,2.0
10536,2013-08-30,CoffsHarbour,15.4,24.3,0.0,1.0,,NNE,57.0,N,NE,28.0
8770,2017-01-17,Cobar,27.1,43.4,0.0,,,NNW,54.0,N,NW,24.0
21037,2010-02-24,NorfolkIsland,19.5,24.1,0.0,5.2,0.3,NE,20.0,NE,S,11.0
15904,2012-04-11,Newcastle,13.2,19.8,0.0,,,,,,,
15759,2011-11-07,Newcastle,19.0,32.3,0.0,,,,,N,NW,4.0
15274,2010-05-25,Newcastle,12.4,18.0,10.6,,,,,,,0.0
11060,2015-03-27,CoffsHarbour,20.0,24.7,3.6,,,SSW,50.0,SW,SE,22.0
15993,2012-07-14,Newcastle,4.6,17.2,13.0,,,,,NW,NW,19.0
20512,2017-03-12,NorahHead,17.1,27.3,0.0,,,NE,54.0,N,NE,13.0
9994,2012-01-04,CoffsHarbour,19.6,28.6,0.0,7.4,10.0,NE,56.0,NNW,NNE,24.0
7907,2014-08-26,Cobar,7.3,18.9,0.4,4.4,,,,,,
8729,2016-12-07,Cobar,14.0,32.0,5.4,31.2,,SSE,41.0,ESE,S,9.0
10112,2012-05-02,CoffsHarbour,12.9,22.6,1.2,1.6,5.5,NE,30.0,NW,NW,13.0
14642,2017-03-26,Moree,22.5,32.1,0.0,,,E,33.0,NNE,NE,19.0
20007,2015-10-23,NorahHead,14.5,19.8,18.4,,,SSW,67.0,S,S,22.0
18121,2010-04-02,NorahHead,16.5,22.3,0.0,,,S,46.0,WSW,S,7.0
7755,2014-03-27,Cobar,17.6,26.9,4.2,3.2,,NE,39.0,NNE,E,11.0
24780,2012-06-07,Penrith,8.1,17.2,0.2,,,SW,24.0,SSW,S,11.0
15151,2010-01-22,Newcastle,21.6,39.0,0.0,,,,,SE,NE,2.0
22840,2015-05-02,NorfolkIsland,18.3,21.4,0.2,5.2,1.2,E,54.0,E,ENE,28.0
12943,2012-01-01,Moree,16.9,31.3,0.0,9.2,13.3,NE,33.0,NNE,SSE,17.0
9538,2010-09-05,CoffsHarbour,18.3,27.9,13.8,1.2,10.3,N,50.0,NNW,NNW,26.0
12158,2009-10-06,Moree,7.3,26.4,0.0,8.0,11.9,SW,35.0,E,WSW,7.0
8743,2016-12-21,Cobar,19.0,33.0,0.6,13.0,,SW,35.0,SSE,S,15.0
23608,2008-12-28,Penrith,17.2,34.9,1.8,,,NE,35.0,E,NNE,7.0
20529,2017-03-29,NorahHead,21.7,27.4,0.0,,,NE,41.0,N,NE,6.0
18623,2011-10-02,NorahHead,11.2,16.0,12.0,,,SSE,89.0,SE,S,52.0
19389,2014-01-24,NorahHead,20.7,24.6,0.2,,,N,48.0,N,N,22.0
24172,2010-08-09,Penrith,3.2,18.7,0.0,,,NE,20.0,WNW,N,6.0
8058,2015-01-24,Cobar,24.2,36.3,0.0,9.6,,NW,50.0,N,WSW,19.0
14518,2016-11-22,Moree,17.3,34.3,0.0,,,ENE,35.0,NNE,ESE,19.0
922,2011-07-20,Albury,0.3,16.7,0.2,,,SE,33.0,SE,SE,2.0
87,2009-02-27,Albury,15.4,32.6,0.0,,,W,24.0,,S,0.0
15011,2009-09-04,Newcastle,13.6,23.8,8.0,,,,,N,N,4.0
4307,2012-10-02,BadgerysCreek,8.0,22.8,0.0,,,E,24.0,W,E,7.0
15606,2011-06-02,Newcastle,13.2,20.2,4.0,,,,,,SW,0.0
15918,2012-04-25,Newcastle,10.2,19.3,0.4,,,,,NW,NW,19.0
10429,2013-05-15,CoffsHarbour,10.7,19.9,0.4,1.2,7.5,W,20.0,WSW,ENE,15.0
20613,2017-06-21,NorahHead,10.7,18.2,1.6,,,S,44.0,W,WSW,9.0
19891,2015-06-13,NorahHead,13.2,20.4,0.0,,,N,28.0,NW,NNE,6.0
503,2010-04-26,Albury,5.1,17.9,0.0,,,SSE,15.0,E,S,4.0
24127,2010-06-23,Penrith,10.0,15.1,1.0,,,SSW,24.0,SSE,SSW,11.0
16374,2013-10-10,Newcastle,13.8,34.4,0.0,,,,,NW,NW,9.0
3703,2011-01-01,BadgerysCreek,16.8,37.4,0.0,,,E,28.0,N,ENE,2.0
5089,2015-02-03,BadgerysCreek,14.9,25.9,0.2,,,ESE,26.0,S,ESE,13.0
12210,2009-11-27,Moree,24.7,36.6,0.0,14.4,11.7,NW,43.0,NNW,NW,28.0
12023,2009-05-24,Moree,11.1,23.7,0.0,4.2,9.8,E,37.0,E,ENE,11.0
12220,2009-12-07,Moree,19.7,41.2,0.0,11.4,13.1,NNE,43.0,NNE,NNW,28.0
24448,2011-07-08,Penrith,0.6,18.1,0.0,,,WNW,24.0,SSE,NW,4.0
124,2009-04-05,Albury,7.8,21.7,0.0,,,WSW,31.0,E,NW,6.0
13084,2012-05-27,Moree,4.2,17.6,0.0,3.4,9.9,SW,43.0,,SW,0.0
9123,2009-07-17,CoffsHarbour,7.5,18.2,0.0,1.2,9.0,SW,56.0,SW,SSW,28.0
12319,2010-03-16,Moree,15.3,31.8,0.0,8.6,11.6,S,35.0,E,S,19.0
17542,2017-01-20,Newcastle,19.8,29.0,0.0,,,,,NNW,,9.0
20213,2016-05-17,NorahHead,16.1,27.1,0.0,,,NW,20.0,WNW,ENE,11.0
8599,2016-07-21,Cobar,11.7,22.1,6.4,0.6,,E,22.0,ENE,WNW,7.0
19181,2013-06-12,NorahHead,13.1,16.5,0.0,,,NNE,41.0,WSW,WNW,6.0
5554,2016-05-19,BadgerysCreek,4.9,23.1,0.0,,,WSW,35.0,N,WSW,4.0
1613,2013-08-17,Albury,6.4,14.4,3.8,,,N,44.0,WSW,NW,9.0
1166,2012-03-25,Albury,6.2,21.0,0.0,,,SSW,24.0,SSE,WNW,2.0
12273,2010-01-29,Moree,22.2,32.9,1.4,13.4,2.8,,,,,
2458,2015-12-16,Albury,15.5,34.3,0.0,,,SE,30.0,SE,SSE,22.0
14821,2009-02-26,Newcastle,21.4,24.8,0.0,,,,,SE,SE,7.0
9840,2011-08-03,CoffsHarbour,8.5,21.3,0.0,2.0,10.2,NE,37.0,NNW,NE,9.0
15615,2011-06-11,Newcastle,10.1,17.0,4.0,,,,,SE,S,4.0
5236,2015-06-30,BadgerysCreek,3.4,17.5,0.2,,,NNE,15.0,,N,0.0
9120,2009-07-14,CoffsHarbour,10.1,17.5,0.0,2.2,9.1,WNW,35.0,SSW,E,15.0
8944,2009-01-18,CoffsHarbour,14.8,23.1,7.2,1.6,2.8,SW,28.0,SW,SE,17.0
7003,2012-01-04,Cobar,23.9,37.9,0.0,15.6,,W,37.0,NW,SSW,13.0
5589,2016-06-23,BadgerysCreek,5.8,18.2,0.0,,,WNW,35.0,NNE,WNW,7.0
23946,2009-12-06,Penrith,17.4,31.4,0.0,,,E,37.0,SW,NE,6.0
1204,2012-05-02,Albury,7.6,16.3,0.0,,,W,30.0,NE,WNW,17.0
8023,2014-12-20,Cobar,15.5,32.6,0.0,13.8,,SE,33.0,ESE,SE,15.0
14523,2016-11-27,Moree,14.3,33.9,0.0,,,NE,35.0,NNE,NW,19.0
11492,2016-06-03,CoffsHarbour,11.7,21.2,0.2,,,N,41.0,SSW,E,13.0
22118,2013-05-10,NorfolkIsland,15.8,21.1,0.0,3.0,6.3,SSE,39.0,SSW,SW,13.0
4580,2013-09-01,BadgerysCreek,5.0,23.4,0.0,,,ENE,24.0,SW,N,4.0
15374,2010-09-02,Newcastle,14.4,27.5,2.0,,,,,,,0.0
22245,2013-09-14,NorfolkIsland,14.4,18.2,3.6,4.2,9.0,SW,41.0,SSW,S,17.0
11340,2016-01-03,CoffsHarbour,19.8,22.0,0.0,,,SW,30.0,SW,WSW,17.0
3082,2009-03-13,BadgerysCreek,16.4,27.2,0.0,,,WNW,24.0,SW,WSW,7.0
12165,2009-10-13,Moree,15.4,28.2,0.2,9.8,10.6,NW,57.0,WSW,W,20.0
24915,2012-10-21,Penrith,12.9,28.6,0.0,,,NW,52.0,S,WSW,2.0
3271,2009-09-20,BadgerysCreek,7.2,28.7,0.0,,,WSW,69.0,ENE,SSW,6.0
24488,2011-08-17,Penrith,6.7,12.7,0.0,,,N,9.0,,NNE,0.0
17002,2015-07-14,Newcastle,7.8,16.7,2.6,,,,,NW,NW,28.0
18280,2010-09-19,NorahHead,12.5,18.8,0.0,,,SSE,30.0,SW,SE,6.0
1123,2012-02-11,Albury,11.5,27.8,0.0,,,S,35.0,SSE,WNW,9.0
10165,2012-06-24,CoffsHarbour,3.3,17.2,0.0,2.2,,SE,19.0,W,SE,7.0
24575,2011-11-14,Penrith,16.6,38.7,0.0,,,W,59.0,SE,NW,2.0
129,2009-04-10,Albury,11.6,26.7,0.0,,,W,48.0,SE,NE,6.0
8753,2016-12-31,Cobar,24.0,37.0,2.6,,,NNW,41.0,NNE,SSE,9.0
11884,2009-01-05,Moree,19.2,34.5,0.0,12.6,13.4,SE,35.0,ENE,S,19.0
14122,2015-09-29,Moree,8.1,28.2,0.0,7.4,11.2,WSW,39.0,NNE,WSW,19.0
5948,2009-01-10,Cobar,19.0,35.5,0.0,12.0,12.3,ENE,48.0,ENE,WSW,30.0
16315,2013-08-12,Newcastle,9.4,27.0,0.0,,,,,,NW,0.0
17057,2015-09-07,Newcastle,9.2,24.0,0.0,,,,,NW,,19.0
2503,2016-01-30,Albury,10.0,28.1,0.0,,,W,52.0,SSE,SSW,11.0
21045,2010-03-04,NorfolkIsland,19.7,25.0,0.0,6.8,5.9,SE,43.0,SSE,SE,20.0
13780,2014-07-23,Moree,5.3,20.8,0.0,2.8,8.3,E,28.0,E,NNE,19.0
2596,2016-05-02,Albury,3.8,16.9,0.0,,,N,26.0,SE,NNW,7.0
2934,2017-04-10,Albury,7.8,17.4,10.8,,,NW,39.0,W,SSE,19.0
22523,2014-06-19,NorfolkIsland,13.6,18.7,1.2,2.0,8.2,SW,52.0,S,SW,30.0
2499,2016-01-26,Albury,18.7,34.2,0.0,,,SE,31.0,SE,SSE,19.0
2425,2015-11-13,Albury,15.9,27.5,4.8,,,SW,35.0,SSE,SW,7.0
17951,2009-09-22,NorahHead,13.2,29.5,,,,NNW,70.0,,NNW,
17292,2016-05-11,Newcastle,12.8,20.8,0.0,,,,,NW,,37.0
8941,2009-01-15,CoffsHarbour,19.1,32.2,0.0,7.6,13.2,NNE,61.0,NNW,NNE,31.0
19418,2014-02-22,NorahHead,20.0,25.6,0.0,,,SSE,37.0,S,SSE,20.0
389,2009-12-27,Albury,17.6,27.3,0.0,,,ENE,24.0,S,NE,11.0
23718,2009-04-18,Penrith,13.3,24.1,0.0,,,S,50.0,SSW,SSE,19.0
23254,2016-06-20,NorfolkIsland,17.4,20.9,0.2,10.8,,NNE,50.0,ENE,NNE,31.0
16525,2014-03-10,Newcastle,18.5,28.0,0.0,,,,,N,NE,4.0
8439,2016-02-11,Cobar,23.5,38.0,0.0,12.0,,W,44.0,NNW,NNW,13.0
1217,2012-05-15,Albury,0.4,17.5,0.0,,,WSW,17.0,N,NW,2.0
19576,2014-07-31,NorahHead,11.6,23.5,0.0,,,N,48.0,N,NW,35.0
14767,2009-01-03,Newcastle,16.4,22.6,0.8,,,,,SE,NE,4.0
9611,2010-11-17,CoffsHarbour,17.4,20.6,50.2,5.8,0.3,SW,39.0,SW,SW,17.0
11979,2009-04-10,Moree,14.8,28.1,0.0,6.2,6.0,NE,41.0,NE,NNE,24.0
13605,2014-01-07,Moree,13.0,36.3,0.0,18.8,13.4,ENE,54.0,ENE,NNW,15.0
5820,2017-02-27,BadgerysCreek,16.5,27.2,2.0,,,SE,39.0,SSW,SE,7.0
4109,2012-03-16,BadgerysCreek,19.3,29.6,0.0,,,NW,78.0,,NNE,0.0
2053,2014-11-06,Albury,7.8,25.8,0.0,,,WNW,30.0,SE,W,9.0
954,2011-08-21,Albury,2.1,18.0,0.0,,,SW,20.0,ESE,SW,6.0
12351,2010-04-17,Moree,11.7,29.0,0.0,6.6,9.3,E,31.0,ESE,E,19.0
10401,2013-04-17,CoffsHarbour,14.7,22.8,7.6,0.4,6.8,SW,26.0,SW,ESE,17.0
6482,2010-06-29,Cobar,0.0,12.7,0.0,1.4,10.6,N,24.0,NE,NNE,7.0
7618,2013-11-10,Cobar,10.7,23.5,0.0,9.2,,S,59.0,S,WSW,15.0
21859,2012-06-26,NorfolkIsland,11.9,18.7,0.0,3.0,9.7,WSW,20.0,,W,0.0
19179,2013-06-10,NorahHead,12.3,21.7,0.2,,,SW,19.0,WNW,NW,6.0
9869,2011-09-01,CoffsHarbour,10.6,21.1,0.0,2.0,,WSW,26.0,SE,ENE,9.0
5268,2015-08-01,BadgerysCreek,1.9,21.5,0.0,,,NNW,31.0,SSE,NW,4.0
7084,2012-03-25,Cobar,10.3,24.0,0.0,4.8,,SSE,31.0,SSE,S,7.0
12156,2009-10-04,Moree,7.5,26.2,0.0,8.0,10.7,NNW,35.0,,WNW,0.0
5911,2017-05-29,BadgerysCreek,6.9,17.3,0.2,,,WSW,37.0,WSW,SW,15.0
2829,2016-12-21,Albury,9.7,28.3,1.2,,,ESE,44.0,NW,WSW,6.0
1273,2012-07-10,Albury,5.2,11.9,2.4,,,ENE,44.0,SSE,NE,7.0
7465,2013-06-10,Cobar,9.2,18.4,18.2,1.6,,SW,31.0,E,SE,7.0
19507,2014-05-22,NorahHead,14.7,24.7,0.0,,,W,19.0,NW,NNW,7.0
1699,2013-11-12,Albury,12.1,18.6,4.4,,,W,46.0,SSE,W,11.0
9001,2009-03-16,CoffsHarbour,19.5,24.9,0.8,4.2,2.8,NNW,31.0,WSW,NNW,13.0
24683,2012-03-01,Penrith,19.1,30.0,27.8,,,S,44.0,NNE,NNE,7.0
22047,2013-01-31,NorfolkIsland,20.6,24.9,0.0,7.4,8.0,ESE,50.0,ESE,SE,26.0
16833,2015-01-20,Newcastle,17.4,26.2,38.4,,,,,,NE,0.0
11399,2016-03-02,CoffsHarbour,20.0,28.1,0.4,,,NE,33.0,WSW,NE,15.0
14339,2016-05-27,Moree,12.9,17.1,12.0,2.4,,WSW,35.0,SW,WSW,19.0
7242,2012-08-30,Cobar,7.1,17.4,0.0,6.2,,SW,37.0,SSW,SW,19.0
7581,2013-10-04,Cobar,5.5,23.3,0.0,7.0,,E,22.0,ESE,E,13.0
7293,2012-10-20,Cobar,17.1,32.8,0.0,10.6,,WSW,39.0,S,SW,15.0
15259,2010-05-10,Newcastle,13.2,25.5,0.0,,,,,,,
11135,2015-06-10,CoffsHarbour,7.5,21.3,0.0,,,SW,39.0,SW,S,17.0
13148,2012-07-30,Moree,1.8,16.6,0.0,2.6,10.1,SW,39.0,SSW,SSW,13.0
8417,2016-01-20,Cobar,25.6,40.5,0.0,14.6,,NW,54.0,N,NNW,22.0
12264,2010-01-20,Moree,11.5,32.3,0.0,10.4,13.4,SW,35.0,NNE,WSW,7.0
17171,2016-01-03,Newcastle,18.4,24.2,1.0,,,,,ESE,,19.0
24352,2011-03-03,Penrith,14.6,31.3,0.0,,,WSW,35.0,NE,NW,6.0
20658,2009-02-10,NorfolkIsland,22.2,26.3,20.6,3.4,10.6,NNW,33.0,NNW,WNW,15.0
12466,2010-08-10,Moree,14.1,16.8,3.0,4.2,0.0,NE,56.0,NE,NNE,37.0
11907,2009-01-28,Moree,20.3,33.7,0.0,10.2,13.1,NE,41.0,ENE,ESE,13.0
16192,2013-03-30,Newcastle,12.5,24.5,0.0,,,,,,SW,0.0
12724,2011-05-25,Moree,7.8,14.3,1.6,1.4,5.7,WSW,43.0,SW,SW,20.0
8157,2015-05-03,Cobar,11.6,24.8,0.0,4.0,,S,37.0,S,SSW,11.0
2615,2016-05-21,Albury,4.7,17.9,0.0,,,SE,13.0,,ESE,0.0
20240,2016-06-13,NorahHead,10.3,18.3,1.2,,,W,24.0,WSW,ESE,11.0
22880,2015-06-11,NorfolkIsland,15.2,20.2,0.0,1.8,4.0,ESE,33.0,SE,ESE,15.0
16098,2012-10-27,Newcastle,13.2,23.2,0.0,,,,,SW,SW,4.0
5819,2017-02-26,BadgerysCreek,17.2,24.7,32.6,,,ESE,28.0,SSW,S,9.0
8227,2015-07-12,Cobar,4.5,10.4,6.2,4.4,,W,65.0,W,W,24.0
9277,2009-12-18,CoffsHarbour,21.6,30.6,0.0,8.0,7.9,N,46.0,NNW,SSW,20.0
13047,2012-04-18,Moree,12.8,25.7,0.0,3.2,9.1,E,24.0,E,ESE,11.0
14616,2017-02-28,Moree,17.0,30.5,0.0,,,ESE,46.0,ESE,ESE,13.0
16661,2014-07-31,Newcastle,13.2,24.5,0.0,,,,,N,NW,19.0
12856,2011-10-05,Moree,9.2,18.2,0.0,5.6,0.3,NE,35.0,NE,NE,28.0
3919,2011-09-05,BadgerysCreek,9.3,24.2,0.0,,,ENE,22.0,S,E,2.0
16697,2014-09-05,Newcastle,10.0,18.0,4.4,,,,,SW,SW,4.0
14381,2016-07-08,Moree,8.8,17.8,0.0,,,SW,28.0,WSW,WSW,9.0
7570,2013-09-23,Cobar,17.7,32.2,0.0,25.2,,NW,48.0,NNW,N,22.0
4664,2013-11-25,BadgerysCreek,14.7,23.7,0.0,,,S,52.0,ENE,S,2.0
18481,2011-05-11,NorahHead,9.2,16.3,0.0,,,WNW,37.0,NW,WNW,11.0
1651,2013-09-24,Albury,14.2,22.3,0.0,,,WNW,39.0,SSW,WNW,4.0
16555,2014-04-16,Newcastle,15.0,23.2,21.8,,,,,SW,S,4.0
9820,2011-07-14,CoffsHarbour,9.3,16.1,1.4,0.2,2.4,SSW,31.0,WSW,SSW,17.0
24027,2010-03-08,Penrith,20.7,31.6,0.0,,,N,44.0,NNE,N,9.0
23213,2016-05-10,NorfolkIsland,19.0,22.4,2.4,1.4,,WSW,33.0,WSW,W,15.0
9067,2009-05-22,CoffsHarbour,15.7,20.2,76.0,,0.0,ESE,87.0,ESE,E,46.0
23507,2017-04-11,NorfolkIsland,22.3,25.1,0.0,,,ENE,83.0,NE,ENE,26.0
3565,2010-08-11,BadgerysCreek,6.9,16.5,6.2,,,NW,67.0,NNW,NW,11.0
17428,2016-09-24,Newcastle,11.3,23.0,0.0,,,,,NW,,9.0
19669,2014-11-02,NorahHead,14.2,21.5,1.2,,,SE,43.0,WSW,SSE,13.0
4004,2011-12-01,BadgerysCreek,13.4,21.4,2.0,,,S,39.0,S,ESE,19.0
1041,2011-11-21,Albury,8.1,23.5,0.0,,,W,33.0,ENE,WSW,4.0
14624,2017-03-08,Moree,17.2,30.5,0.0,,,WSW,41.0,ESE,NNW,24.0
7381,2013-03-18,Cobar,11.0,27.2,0.0,8.4,,NE,26.0,SE,E,15.0
20427,2016-12-17,NorahHead,18.7,32.2,1.2,,,SSW,72.0,N,E,22.0
13276,2013-01-09,Moree,23.9,40.5,0.0,14.0,11.5,WSW,54.0,N,SW,33.0
2577,2016-04-13,Albury,8.9,27.2,0.0,,,N,24.0,,ENE,0.0
9355,2010-03-06,CoffsHarbour,21.6,27.3,13.4,4.8,3.5,N,37.0,N,NE,20.0
4078,2012-02-14,BadgerysCreek,16.2,26.3,5.2,,,E,31.0,SSE,E,9.0
3115,2009-04-15,BadgerysCreek,11.3,28.3,0.4,,,NW,46.0,N,WNW,2.0
18251,2010-08-20,NorahHead,10.9,19.3,,,,WNW,35.0,WNW,W,7.0
19696,2014-11-29,NorahHead,19.3,27.7,0.0,,,NNE,46.0,NNE,NE,13.0
15384,2010-09-12,Newcastle,6.2,22.0,0.0,,,,,,,
2581,2016-04-17,Albury,11.7,25.4,0.0,,,NE,30.0,,SE,0.0
6812,2011-06-24,Cobar,3.3,16.9,0.0,2.4,,ESE,24.0,SE,SSE,2.0
1683,2013-10-27,Albury,5.3,21.3,0.0,,,NNW,22.0,SSE,WSW,6.0
11487,2016-05-29,CoffsHarbour,2.7,19.6,0.0,,,SE,24.0,WNW,ESE,6.0
20202,2016-05-06,NorahHead,14.1,25.3,0.0,,,W,17.0,WNW,NE,7.0
9431,2010-05-21,CoffsHarbour,11.6,21.3,0.0,1.8,4.4,N,35.0,WSW,W,6.0
8215,2015-06-30,Cobar,6.1,16.3,0.0,,,SW,20.0,SE,SSW,9.0
11080,2015-04-16,CoffsHarbour,16.1,27.7,0.0,,,NNE,39.0,NNE,NNE,7.0
8346,2015-11-08,Cobar,12.9,29.1,0.0,8.8,,S,39.0,SSE,SSW,13.0
6849,2011-07-31,Cobar,9.1,23.0,0.6,4.2,,NNE,31.0,NNE,NNW,17.0
3847,2011-06-24,BadgerysCreek,0.8,17.7,0.0,,,W,22.0,NNE,SW,2.0
9812,2011-07-06,CoffsHarbour,3.3,17.0,0.0,3.2,9.6,WNW,33.0,NNW,ENE,9.0
273,2009-09-01,Albury,5.1,14.2,3.0,,,WNW,24.0,WNW,W,7.0
4372,2013-01-06,BadgerysCreek,17.7,33.8,0.0,,,E,35.0,WSW,SE,6.0
56,2009-01-27,Albury,18.5,38.2,0.0,,,NNE,31.0,SE,NNW,9.0
24475,2011-08-04,Penrith,5.8,25.9,0.0,,,NE,30.0,,NNW,0.0
10917,2014-09-27,CoffsHarbour,11.0,22.0,0.0,,,,,,,
8277,2015-08-31,Cobar,2.5,16.3,0.0,3.2,,SSW,30.0,SSW,SW,9.0
9816,2011-07-10,CoffsHarbour,0.8,17.5,0.0,1.6,9.5,N,20.0,WSW,NE,9.0
14533,2016-12-07,Moree,21.9,30.8,1.4,,,WSW,30.0,WSW,W,13.0
11975,2009-04-06,Moree,14.3,30.1,0.0,6.8,11.1,WSW,30.0,NE,SW,6.0
24989,2013-03-03,Penrith,16.7,23.9,3.4,,,SE,35.0,SSW,ESE,11.0
1515,2013-05-11,Albury,5.7,23.4,0.0,,,SE,24.0,,SSE,0.0
21204,2010-08-10,NorfolkIsland,13.2,17.8,0.4,3.4,10.1,S,31.0,S,SSE,15.0
4226,2012-07-11,BadgerysCreek,6.7,19.6,8.0,,,WNW,31.0,NNE,NW,9.0
16309,2013-08-06,Newcastle,8.4,22.8,0.2,,,,,NE,NW,19.0
10408,2013-04-24,CoffsHarbour,12.1,23.7,0.0,3.0,10.4,NE,24.0,SSW,ENE,2.0
9068,2009-05-23,CoffsHarbour,17.1,20.5,19.6,4.8,0.0,E,69.0,ESE,ESE,39.0
9331,2010-02-10,CoffsHarbour,18.7,27.4,2.8,4.4,11.5,S,26.0,SW,SE,11.0
14801,2009-02-06,Newcastle,21.4,35.0,0.0,,,,,,SE,0.0
640,2010-09-11,Albury,2.6,15.9,3.2,,,WNW,35.0,S,WNW,7.0
11033,2015-02-28,CoffsHarbour,19.3,28.6,6.4,,,NE,41.0,NW,NE,7.0
6127,2009-07-08,Cobar,5.3,16.6,0.0,2.0,9.6,NE,31.0,E,ENE,13.0
14970,2009-07-25,Newcastle,4.4,18.8,0.0,,,,,N,,4.0
1666,2013-10-09,Albury,5.6,24.3,0.0,,,NNE,28.0,SE,N,9.0
20312,2016-08-24,NorahHead,12.8,15.3,9.6,,,ESE,43.0,SE,S,31.0
12238,2009-12-25,Moree,22.9,35.6,0.0,13.6,5.0,NE,56.0,NNE,NNE,31.0
9116,2009-07-10,CoffsHarbour,10.9,17.5,13.6,3.8,5.3,SSW,46.0,SW,SSW,28.0
12344,2010-04-10,Moree,18.2,30.5,0.0,5.0,9.0,WSW,41.0,N,WSW,9.0
13201,2012-09-22,Moree,7.0,26.9,0.0,2.8,11.5,S,31.0,SSW,SW,9.0
7906,2014-08-25,Cobar,5.7,18.1,0.0,3.8,,,,,,
15082,2009-11-14,Newcastle,12.0,27.0,0.0,,,,,N,NE,4.0
12406,2010-06-11,Moree,1.3,14.0,0.0,2.6,7.3,SW,33.0,SW,SW,9.0
15857,2012-02-13,Newcastle,18.2,25.8,0.0,,,,,,,0.0
464,2010-03-18,Albury,15.1,30.4,0.0,,,SSE,48.0,SE,W,2.0
5040,2014-12-15,BadgerysCreek,13.8,29.8,0.0,,,E,28.0,NW,E,2.0
6796,2011-06-08,Cobar,2.7,11.4,0.0,2.8,,SW,33.0,SSW,SW,11.0
23489,2017-03-22,NorfolkIsland,19.0,24.0,0.0,6.2,,SSE,30.0,ESE,SE,13.0
16329,2013-08-26,Newcastle,7.6,22.2,0.0,,,,,NW,,4.0
596,2010-07-28,Albury,2.1,12.6,0.0,,,ESE,15.0,N,ESE,4.0
6365,2010-03-04,Cobar,18.4,22.5,2.6,7.0,1.8,NE,43.0,ENE,ENE,20.0
6473,2010-06-20,Cobar,9.5,17.0,0.0,1.8,0.2,SSW,28.0,SW,SW,6.0
19378,2014-01-13,NorahHead,20.3,26.4,0.0,,,E,35.0,SE,ENE,13.0
20023,2015-11-08,NorahHead,15.7,20.3,5.6,,,S,54.0,WSW,S,13.0
22067,2013-03-20,NorfolkIsland,19.1,23.7,0.0,6.6,2.9,E,39.0,ESE,ESE,17.0
17174,2016-01-06,Newcastle,15.5,24.0,216.3,,,,,SE,,37.0
7927,2014-09-15,Cobar,10.4,27.8,0.0,6.6,,N,72.0,E,NW,26.0
3253,2009-09-02,BadgerysCreek,3.8,20.9,0.0,,,SE,31.0,W,SE,7.0
921,2011-07-19,Albury,0.4,14.5,1.8,,,WSW,13.0,NW,,4.0
16462,2014-01-06,Newcastle,18.4,30.2,0.0,,,,,SW,SE,9.0
16318,2013-08-15,Newcastle,10.1,17.8,0.0,,,,,SW,SE,11.0
14271,2016-03-13,Moree,19.9,36.0,0.0,25.8,11.6,ENE,48.0,E,ENE,20.0
8188,2015-06-03,Cobar,0.8,11.9,0.0,1.4,,SSW,20.0,SSE,SW,9.0
7029,2012-01-30,Cobar,19.9,32.9,26.0,0.6,,NNE,44.0,NW,NW,17.0
4476,2013-05-18,BadgerysCreek,5.9,18.5,0.0,,,WSW,33.0,WSW,SW,20.0
14794,2009-01-30,Newcastle,19.8,32.2,0.0,,,,,NE,NE,4.0
13110,2012-06-22,Moree,6.6,22.2,0.0,3.6,6.7,WSW,44.0,N,WNW,22.0
20212,2016-05-16,NorahHead,16.0,23.1,0.0,,,NE,28.0,WSW,NE,9.0
2032,2014-10-16,Albury,3.5,19.3,0.2,,,WNW,39.0,E,WNW,2.0
5072,2015-01-17,BadgerysCreek,14.3,34.8,0.0,,,WSW,39.0,,W,0.0
18483,2011-05-13,NorahHead,9.7,20.7,0.0,,,WNW,28.0,NW,W,15.0
10791,2014-05-23,CoffsHarbour,14.6,24.4,0.0,,,,,,,
1457,2013-03-11,Albury,20.1,35.7,0.0,,,N,26.0,ESE,SSE,4.0
10528,2013-08-22,CoffsHarbour,2.2,18.0,0.0,3.2,,SW,28.0,SW,NE,11.0
17134,2015-11-27,Newcastle,18.6,22.7,0.0,,,,,SE,,9.0
13700,2014-04-22,Moree,11.4,29.8,0.0,5.0,10.0,N,35.0,N,N,22.0
23000,2015-10-09,NorfolkIsland,15.3,19.2,0.0,6.8,4.4,SE,52.0,SE,SE,26.0
16198,2013-04-05,Newcastle,16.0,24.3,8.4,,,,,,SE,0.0
14415,2016-08-11,Moree,12.0,16.3,7.6,5.4,,,,,,
17284,2016-05-03,Newcastle,14.9,24.8,0.4,,,,,NW,,9.0
10837,2014-07-08,CoffsHarbour,1.8,19.2,0.0,,,,,,,
10890,2014-08-30,CoffsHarbour,11.8,22.2,0.0,,,,,,,
21500,2011-07-03,NorfolkIsland,13.1,18.4,1.8,1.4,7.8,SSW,57.0,SE,SSW,13.0
12204,2009-11-21,Moree,26.7,42.2,0.0,15.4,12.7,NNE,50.0,NNE,NNE,24.0
23293,2016-07-29,NorfolkIsland,13.7,19.1,0.4,1.0,,SSW,30.0,S,S,17.0
13433,2013-07-13,Moree,5.7,21.6,0.0,2.4,10.0,ENE,31.0,E,E,13.0
15004,2009-08-28,Newcastle,8.4,26.0,0.0,,,,,NW,,11.0
13634,2014-02-05,Moree,20.0,33.6,0.0,13.4,10.2,ENE,48.0,ESE,SE,19.0
13093,2012-06-05,Moree,4.9,13.1,0.0,1.4,3.6,WNW,43.0,NW,WNW,24.0
8540,2016-05-23,Cobar,14.8,18.8,0.0,,,SSW,46.0,SSW,SSW,28.0
17870,2009-07-02,NorahHead,10.6,18.5,0.0,,,NW,35.0,NNW,W,24.0
6828,2011-07-10,Cobar,5.1,14.9,0.0,2.0,,WSW,39.0,WNW,SW,9.0
8415,2016-01-18,Cobar,19.3,34.5,0.0,9.0,,E,33.0,ENE,S,19.0
8934,2009-01-08,CoffsHarbour,22.7,29.2,0.0,6.4,1.9,SSW,44.0,NW,NNE,9.0
1570,2013-07-05,Albury,8.4,12.2,0.0,,,WNW,72.0,WNW,WNW,30.0
17709,2009-01-21,NorahHead,21.1,27.6,0.0,,,S,72.0,N,NE,15.0
787,2011-02-05,Albury,20.4,23.0,99.2,,,NW,28.0,NE,NW,11.0
3880,2011-07-27,BadgerysCreek,3.6,17.0,0.0,,,SW,28.0,SW,ESE,17.0
15370,2010-08-29,Newcastle,6.0,19.2,0.0,,,,,,SE,4.0
8661,2016-09-21,Cobar,13.0,16.0,6.2,2.6,,NW,43.0,WNW,W,19.0
13243,2012-11-03,Moree,12.6,29.0,0.0,11.0,7.1,NNE,43.0,NE,N,30.0
9492,2010-07-21,CoffsHarbour,10.1,17.2,0.0,3.2,8.4,S,41.0,SW,SSW,22.0
12743,2011-06-13,Moree,10.0,16.5,0.6,1.6,0.2,S,43.0,SSW,SSW,9.0
8514,2016-04-27,Cobar,14.7,27.7,0.0,6.6,,NNE,39.0,NE,N,26.0
8263,2015-08-17,Cobar,5.2,19.7,0.0,3.2,,W,33.0,NW,SW,9.0
19567,2014-07-22,NorahHead,9.6,16.3,0.4,,,S,26.0,W,S,11.0
5928,2017-06-15,BadgerysCreek,5.7,19.1,0.2,,,NE,11.0,NW,NNE,2.0
11857,2017-06-03,CoffsHarbour,13.1,21.1,0.0,,,SW,41.0,SW,SSW,24.0
7355,2013-01-23,Cobar,22.6,38.5,0.0,10.8,,E,48.0,N,SE,13.0
13829,2014-09-20,Moree,3.9,24.2,0.0,,,SSW,43.0,ENE,SW,9.0
14918,2009-06-03,Newcastle,14.3,20.7,3.4,,,,,,,0.0
10970,2014-11-19,CoffsHarbour,19.5,26.0,0.4,,,,,,,
17619,2017-04-16,Newcastle,13.6,26.2,0.2,,,,,N,,9.0
23920,2009-11-07,Penrith,16.2,26.2,2.2,,,ESE,31.0,SSW,E,7.0
16590,2014-05-21,Newcastle,12.7,23.5,0.0,,,,,NW,SW,2.0
10433,2013-05-19,CoffsHarbour,6.6,19.0,0.0,3.6,,WSW,31.0,SW,ENE,19.0
5196,2015-05-21,BadgerysCreek,10.3,21.0,0.8,,,W,22.0,W,ESE,11.0
24123,2010-06-19,Penrith,2.8,19.9,0.0,,,W,39.0,NNE,W,2.0
23427,2016-12-21,NorfolkIsland,19.6,24.7,1.8,3.8,,E,35.0,ESE,E,19.0
10159,2012-06-18,CoffsHarbour,5.1,19.1,0.0,2.4,9.5,SW,33.0,NW,SSE,6.0
13404,2013-06-14,Moree,8.4,15.8,0.0,3.0,4.5,WSW,37.0,WNW,WSW,13.0
13965,2015-03-05,Moree,20.9,34.0,0.0,11.0,,SW,57.0,SSW,SW,24.0
8057,2015-01-23,Cobar,23.3,35.6,0.0,10.6,,W,39.0,NW,W,17.0
8369,2015-12-01,Cobar,22.6,37.1,0.0,35.4,,W,57.0,N,W,22.0
7514,2013-07-29,Cobar,10.6,22.7,0.0,4.0,,NNE,35.0,NNE,NW,22.0
9688,2011-02-02,CoffsHarbour,23.9,32.3,0.0,8.8,12.8,NE,61.0,N,NE,13.0
8642,2016-09-02,Cobar,13.0,16.0,22.0,,,N,52.0,SE,NE,13.0
11781,2017-03-19,CoffsHarbour,22.0,26.0,33.0,,,NE,41.0,N,NNE,15.0
20206,2016-05-10,NorahHead,17.0,23.8,0.6,,,WNW,54.0,NW,NW,17.0
2952,2017-04-28,Albury,3.5,17.3,0.0,,,WNW,24.0,,WNW,0.0
20640,2009-01-23,NorfolkIsland,20.2,24.5,0.0,7.0,2.6,E,46.0,E,ENE,22.0
18255,2010-08-24,NorahHead,9.6,19.8,1.2,,,NW,35.0,WNW,W,9.0
18361,2010-12-11,NorahHead,17.4,25.4,,,,SSW,43.0,S,NE,9.0
17648,2017-05-15,Newcastle,13.2,20.2,2.0,,,,,NW,,28.0
13638,2014-02-09,Moree,20.2,36.8,0.0,11.2,12.9,NE,39.0,NE,E,28.0
19187,2013-06-18,NorahHead,8.5,16.8,0.0,,,SE,63.0,SSW,SSE,11.0
19484,2014-04-29,NorahHead,14.8,23.7,0.6,,,NNE,39.0,NNW,NE,9.0
4065,2012-02-01,BadgerysCreek,15.8,19.0,4.0,,,S,39.0,SSW,ESE,15.0
12542,2010-10-25,Moree,10.5,25.2,12.4,2.4,11.8,W,30.0,ESE,WNW,7.0
2286,2015-06-27,Albury,2.3,13.2,0.0,,,W,19.0,,SE,0.0
12396,2010-06-01,Moree,8.6,18.6,2.4,0.8,2.3,W,17.0,NE,NW,9.0
317,2009-10-16,Albury,4.1,16.6,6.8,,,W,39.0,W,WNW,15.0
21210,2010-08-16,NorfolkIsland,13.4,20.2,0.6,3.0,7.9,NW,48.0,NW,NW,11.0
18527,2011-06-27,NorahHead,10.8,18.1,0.0,,,S,39.0,SW,SSW,7.0
21375,2011-01-28,NorfolkIsland,20.7,24.1,2.6,2.0,0.9,SE,46.0,S,SW,24.0
22863,2015-05-25,NorfolkIsland,16.1,20.6,1.0,5.0,9.5,SW,46.0,SW,SSW,24.0
24255,2010-11-11,Penrith,17.2,29.6,21.4,,,NNE,28.0,NNE,WNW,4.0
14597,2017-02-09,Moree,22.5,38.0,0.0,,,E,41.0,ENE,SSW,20.0
8768,2017-01-15,Cobar,16.5,35.2,0.0,,,S,37.0,SSE,SSW,19.0
14160,2015-11-07,Moree,16.9,31.9,0.0,,,SW,35.0,SSW,SSW,15.0
14829,2009-03-06,Newcastle,12.4,24.8,0.0,,,,,,,0.0
21550,2011-08-22,NorfolkIsland,15.2,17.6,3.2,1.4,0.0,E,72.0,E,E,35.0
5060,2015-01-04,BadgerysCreek,19.3,34.8,0.0,,,SSE,46.0,NNW,SW,2.0
17318,2016-06-06,Newcastle,12.4,19.6,17.0,,,,,NE,,28.0
13949,2015-02-11,Moree,18.7,33.7,0.0,11.4,12.6,ENE,35.0,E,E,20.0
17966,2009-10-11,NorahHead,12.3,19.9,11.8,,,NNE,48.0,SSE,SSE,9.0
15510,2011-01-22,Newcastle,18.7,29.6,0.0,,,,,NE,SE,4.0
20116,2016-02-10,NorahHead,19.7,29.8,0.4,,,NE,39.0,NW,NE,6.0
11922,2009-02-12,Moree,16.1,33.4,0.0,10.2,12.3,NE,54.0,E,N,26.0
21249,2010-09-24,NorfolkIsland,13.7,19.2,0.0,6.0,6.2,E,33.0,E,ESE,15.0
24627,2012-01-05,Penrith,19.2,29.3,0.0,,,NNE,30.0,W,NNE,7.0
2879,2017-02-09,Albury,20.5,40.3,0.0,,,NNE,33.0,SSE,NW,9.0
15803,2011-12-21,Newcastle,19.8,24.5,0.0,,,,,,SE,0.0
5258,2015-07-22,BadgerysCreek,4.8,15.1,0.0,,,NNE,19.0,NNE,NNW,2.0
18577,2011-08-17,NorahHead,11.7,17.0,0.0,,,NNE,72.0,NNE,N,30.0
18877,2012-06-13,NorahHead,12.6,18.3,16.8,,,SSE,52.0,SSE,SW,26.0
11664,2016-11-22,CoffsHarbour,16.6,25.9,0.0,,,NE,46.0,N,NE,24.0
4287,2012-09-12,BadgerysCreek,5.8,24.9,0.0,,,NNE,28.0,N,NNE,9.0
16902,2015-04-03,Newcastle,18.8,21.3,0.4,,,,,,,0.0
5333,2015-10-06,BadgerysCreek,12.0,37.4,0.0,,,NW,30.0,,WSW,0.0
11097,2015-05-03,CoffsHarbour,16.4,23.9,39.8,,,E,30.0,WNW,SSW,13.0
7339,2013-01-07,Cobar,27.7,41.1,0.0,18.8,,NE,44.0,NNE,E,30.0
10388,2013-04-03,CoffsHarbour,16.0,25.6,0.0,3.6,9.0,S,70.0,SW,S,9.0
9917,2011-10-19,CoffsHarbour,13.1,21.4,0.6,3.0,11.0,WSW,31.0,WSW,ESE,20.0
5664,2016-09-06,BadgerysCreek,5.2,24.3,0.0,,,N,19.0,ENE,N,4.0
21847,2012-06-14,NorfolkIsland,16.7,17.5,29.2,6.0,0.0,E,72.0,SE,SE,33.0
15501,2011-01-13,Newcastle,22.4,29.9,0.0,,,,,NE,NE,6.0
20247,2016-06-20,NorahHead,15.4,19.5,37.2,,,NW,48.0,NW,NW,7.0
9986,2011-12-27,CoffsHarbour,19.6,27.7,0.0,5.8,10.4,SSW,72.0,SW,S,20.0
8585,2016-07-07,Cobar,7.6,13.6,0.0,,,SW,31.0,SW,SW,13.0
5286,2015-08-19,BadgerysCreek,5.3,18.1,0.0,,,N,26.0,WSW,E,6.0
22040,2013-01-24,NorfolkIsland,20.9,25.8,0.0,5.6,10.7,E,43.0,ENE,E,22.0
17352,2016-07-10,Newcastle,8.2,18.7,0.2,,,,,,,0.0
24854,2012-08-20,Penrith,2.5,18.9,0.0,,,NNE,17.0,E,NNE,2.0
4671,2013-12-02,BadgerysCreek,15.3,27.3,0.0,,,NE,26.0,N,ENE,9.0
8130,2015-04-06,Cobar,15.5,26.7,4.4,5.0,,WNW,39.0,N,WNW,4.0
22191,2013-07-22,NorfolkIsland,13.1,19.2,0.0,3.2,3.0,E,28.0,ENE,NE,13.0
21990,2012-11-04,NorfolkIsland,15.7,19.6,0.0,6.0,6.2,ESE,37.0,SE,SE,20.0
4180,2012-05-26,BadgerysCreek,3.1,17.0,0.0,,,WSW,54.0,NW,WSW,15.0
18130,2010-04-11,NorahHead,18.2,28.3,0.0,,,WNW,41.0,NW,WNW,9.0
4220,2012-07-05,BadgerysCreek,5.5,15.3,0.0,,,SSW,39.0,SW,SSW,20.0
13607,2014-01-09,Moree,20.3,30.8,0.0,14.2,2.3,ENE,52.0,ENE,NNE,19.0
7936,2014-09-24,Cobar,16.2,23.2,0.0,8.6,,NE,48.0,NNE,NE,30.0
15400,2010-09-28,Newcastle,13.2,27.5,0.8,,,,,NE,NW,2.0
13726,2014-05-21,Moree,9.8,26.4,0.0,3.2,9.9,SW,31.0,ENE,S,11.0
2156,2015-02-17,Albury,20.5,33.9,0.0,,,NNE,37.0,SE,NW,9.0
12358,2010-04-24,Moree,16.0,31.1,0.0,4.0,10.1,NNW,31.0,N,N,22.0
1846,2014-04-08,Albury,12.4,25.0,0.0,,,ENE,22.0,SE,ESE,6.0
10428,2013-05-14,CoffsHarbour,15.7,22.3,0.0,1.8,1.4,N,24.0,NW,S,9.0
21504,2011-07-07,NorfolkIsland,16.6,20.4,0.0,3.8,6.7,W,69.0,NW,WNW,20.0
14275,2016-03-24,Moree,16.4,32.9,0.0,8.0,,NE,33.0,ENE,NE,20.0
8639,2016-08-30,Cobar,11.5,23.3,0.0,,,N,35.0,NE,NNE,17.0
3047,2009-02-06,BadgerysCreek,20.4,40.1,0.0,,,ENE,46.0,S,ESE,9.0
10329,2013-01-06,CoffsHarbour,19.0,27.3,0.0,7.0,7.6,E,30.0,WSW,E,9.0
5151,2015-04-06,BadgerysCreek,11.9,24.5,0.0,,,W,44.0,N,ESE,4.0
1302,2012-08-08,Albury,-0.5,16.3,0.0,,,W,35.0,,NNE,0.0
16461,2014-01-05,Newcastle,20.8,30.8,0.0,,,,,SE,NE,9.0
21278,2010-10-23,NorfolkIsland,14.8,19.2,0.8,3.0,1.0,E,37.0,E,ENE,24.0
16615,2014-06-15,Newcastle,9.0,16.2,0.0,,,,,NE,NW,28.0
14114,2015-09-21,Moree,10.4,25.9,0.0,25.2,,NNE,35.0,NNE,N,28.0
15656,2011-07-22,Newcastle,10.3,15.7,56.8,,,,,SW,S,4.0
6168,2009-08-18,Cobar,5.2,18.8,0.0,3.4,10.7,ESE,26.0,ENE,ESE,7.0
11503,2016-06-14,CoffsHarbour,11.2,19.8,1.5,,,WSW,24.0,WSW,SW,7.0
12318,2010-03-15,Moree,16.6,30.4,0.0,8.0,9.6,SSW,43.0,ESE,E,15.0
18012,2009-12-05,NorahHead,18.5,24.2,0.0,,,SSE,33.0,SSW,ESE,20.0
20714,2009-04-07,NorfolkIsland,18.4,24.5,0.4,5.6,5.4,NE,28.0,NE,SE,13.0
14865,2009-04-11,Newcastle,13.2,24.0,0.0,,,,,,,
601,2010-08-02,Albury,5.4,14.7,18.6,,,W,39.0,W,WSW,15.0
23984,2010-01-18,Penrith,13.5,25.7,0.2,,,WSW,61.0,WNW,SW,20.0
14157,2015-11-04,Moree,21.9,31.5,0.4,10.6,3.2,SSW,52.0,NE,S,19.0
4578,2013-08-30,BadgerysCreek,8.9,27.4,0.0,,,NNW,37.0,NE,NW,7.0
21890,2012-07-27,NorfolkIsland,13.5,17.7,0.0,2.6,0.3,WNW,22.0,SSW,WNW,11.0
1499,2013-04-22,Albury,10.6,14.6,7.0,,,WNW,26.0,NNW,W,11.0
12826,2011-09-04,Moree,7.7,21.9,0.0,4.6,11.0,NNE,41.0,NE,NE,30.0
4108,2012-03-15,BadgerysCreek,18.4,28.6,0.0,,,E,28.0,,NE,0.0
23906,2009-10-24,Penrith,15.9,28.2,0.0,,,ESE,30.0,SSW,E,7.0
10803,2014-06-04,CoffsHarbour,9.8,20.6,0.0,,,,,,,
21746,2012-03-05,NorfolkIsland,19.1,24.2,0.0,6.8,10.3,E,41.0,ESE,E,17.0
12096,2009-08-05,Moree,1.3,20.7,0.0,2.6,10.3,ENE,20.0,ESE,WSW,7.0
7984,2014-11-11,Cobar,16.4,33.0,0.0,11.6,,SW,33.0,SSE,SW,15.0
23276,2016-07-12,NorfolkIsland,13.1,19.7,3.0,2.6,,E,30.0,E,ENE,17.0
1680,2013-10-24,Albury,7.9,16.5,0.4,,,W,56.0,WSW,WSW,26.0
7461,2013-06-06,Cobar,9.2,16.8,0.0,2.4,,NE,26.0,NNE,NW,17.0
20723,2009-04-16,NorfolkIsland,20.2,23.7,0.0,5.4,1.7,NE,54.0,NE,NE,31.0
19182,2013-06-13,NorahHead,12.8,19.3,7.2,,,WSW,39.0,W,WSW,15.0
17753,2009-03-06,NorahHead,15.3,23.7,0.0,,,NNE,43.0,W,ENE,9.0
23520,2017-04-24,NorfolkIsland,18.5,23.7,0.0,,,ESE,33.0,ESE,SE,17.0
4024,2011-12-21,BadgerysCreek,17.0,24.8,0.0,,,ESE,20.0,SW,E,2.0
5522,2016-04-17,BadgerysCreek,16.2,23.8,0.2,,,SE,24.0,SSW,ESE,11.0
24528,2011-09-28,Penrith,9.2,16.2,,,,N,19.0,,N,0.0
8306,2015-09-29,Cobar,12.3,28.9,0.0,7.8,,NNE,35.0,NNE,W,19.0
6378,2010-03-17,Cobar,17.7,30.9,0.0,7.2,11.4,E,30.0,ENE,ESE,17.0
3005,2017-06-20,Albury,1.2,14.9,0.2,,,ESE,11.0,SW,SE,4.0
14815,2009-02-20,Newcastle,21.0,29.6,2.6,,,,,,SE,0.0
9284,2009-12-25,CoffsHarbour,23.0,29.0,0.0,7.0,9.0,NNE,57.0,N,NNE,24.0
3152,2009-05-22,BadgerysCreek,13.7,18.6,5.0,,,ESE,48.0,SE,ESE,19.0
1281,2012-07-18,Albury,7.7,15.3,0.0,,,WSW,39.0,SW,NW,4.0
5826,2017-03-05,BadgerysCreek,18.8,25.1,2.0,,,SW,43.0,WSW,SW,13.0
19863,2015-05-16,NorahHead,13.8,17.8,7.0,,,SSE,50.0,S,SSE,26.0
15559,2011-03-12,Newcastle,19.5,28.5,0.0,,,,,,SE,0.0
8845,2017-04-05,Cobar,13.4,26.0,0.0,,,E,37.0,E,E,24.0
15877,2012-03-06,Newcastle,17.6,24.0,0.0,,,,,SE,SE,4.0
20919,2009-10-29,NorfolkIsland,14.8,20.9,0.2,6.8,7.0,S,41.0,S,S,22.0
19544,2014-06-29,NorahHead,10.3,15.3,0.0,,,SSW,56.0,WNW,W,19.0
13141,2012-07-23,Moree,4.0,17.9,0.0,1.8,10.3,ESE,33.0,SSE,S,17.0
24367,2011-03-18,Penrith,20.1,26.0,0.2,,,S,31.0,S,SE,17.0
9237,2009-11-08,CoffsHarbour,17.1,21.0,4.8,3.0,0.0,,,WSW,SW,11.0
17133,2015-11-26,Newcastle,20.0,40.5,0.0,,,,,NW,,9.0
20601,2017-06-09,NorahHead,13.2,19.4,3.4,,,S,61.0,WSW,S,11.0
4173,2012-05-19,BadgerysCreek,2.4,21.4,0.2,,,SSW,24.0,,SW,0.0
8041,2015-01-07,Cobar,23.6,36.3,0.0,5.2,,NW,52.0,NE,ENE,20.0
14164,2015-11-11,Moree,19.0,32.5,0.0,8.8,12.0,NE,41.0,NNE,E,28.0
20700,2009-03-24,NorfolkIsland,18.2,22.6,0.0,6.4,1.1,ESE,50.0,ESE,ESE,17.0
5658,2016-08-31,BadgerysCreek,10.4,23.5,0.0,,,NNW,44.0,NNW,NNW,7.0
13363,2013-05-04,Moree,8.5,27.3,0.0,8.8,10.4,WSW,56.0,NNE,WSW,11.0
5741,2016-11-22,BadgerysCreek,14.5,36.8,0.0,,,E,30.0,S,NNE,4.0
4308,2012-10-03,BadgerysCreek,5.0,30.6,0.0,,,NNE,24.0,N,ENE,4.0
6316,2010-01-14,Cobar,20.5,34.8,0.0,14.2,11.9,SW,35.0,S,SW,11.0
1392,2012-11-07,Albury,18.4,20.0,10.6,,,NNW,24.0,NE,WNW,11.0
7310,2012-11-06,Cobar,22.6,32.5,1.2,16.2,,N,65.0,NNE,NNE,17.0
15695,2011-08-30,Newcastle,12.2,19.2,0.0,,,,,SW,S,4.0
16586,2014-05-17,Newcastle,9.4,23.5,0.1,,,,,NE,NE,4.0
12824,2011-09-02,Moree,8.1,23.6,0.0,3.4,10.8,ESE,33.0,ENE,SE,19.0
7240,2012-08-28,Cobar,4.9,21.4,0.0,3.4,,NNE,30.0,NNE,N,11.0
20174,2016-04-08,NorahHead,17.6,22.3,0.0,,,S,28.0,WSW,S,6.0
11918,2009-02-08,Moree,19.8,36.1,0.0,11.2,12.9,N,30.0,N,NE,19.0
8920,2017-06-19,Cobar,4.2,20.3,0.0,,,E,26.0,ESE,SSE,13.0
15277,2010-05-28,Newcastle,12.2,20.8,0.0,,,,,,,0.0
15711,2011-09-20,Newcastle,16.2,29.4,0.0,,,,,,NW,0.0
14252,2016-02-23,Moree,19.5,34.7,0.0,11.2,12.6,ENE,35.0,ENE,SSE,22.0
22670,2014-11-13,NorfolkIsland,15.4,20.6,0.8,7.1,9.6,WSW,56.0,SSW,S,26.0
10084,2012-04-03,CoffsHarbour,14.9,26.5,1.0,4.4,10.3,SSE,35.0,SW,SSE,20.0
15952,2012-05-29,Newcastle,12.2,18.7,5.4,,,,,,,0.0
24248,2010-11-04,Penrith,13.4,19.3,0.0,,,SSW,31.0,SSW,SSE,13.0
24620,2011-12-29,Penrith,16.3,26.6,0.0,,,SE,30.0,S,SSE,9.0
13986,2015-04-11,Moree,14.7,27.8,0.0,,,ESE,30.0,E,SSE,20.0
8746,2016-12-24,Cobar,25.0,36.0,0.0,,,NE,44.0,NE,NW,20.0
4439,2013-04-11,BadgerysCreek,10.3,26.8,0.4,,,ESE,15.0,N,E,4.0
15987,2012-07-03,Newcastle,4.9,16.8,0.0,,,,,NW,,4.0
23822,2009-07-31,Penrith,3.2,20.8,0.2,,,WSW,35.0,WNW,WSW,4.0
10086,2012-04-05,CoffsHarbour,15.4,25.6,0.0,3.2,9.5,S,28.0,SW,SE,17.0
4246,2012-07-31,BadgerysCreek,2.4,15.2,0.0,,,SW,37.0,SW,S,22.0
175,2009-05-26,Albury,11.6,18.1,4.2,,,E,19.0,E,SSE,2.0
3611,2010-09-29,BadgerysCreek,9.9,19.0,0.0,,,SW,43.0,SW,SE,20.0
3827,2011-06-04,BadgerysCreek,6.2,17.9,0.0,,,SW,17.0,NE,,2.0
22947,2015-08-17,NorfolkIsland,12.5,17.2,0.0,3.8,6.9,S,37.0,S,NE,13.0
24994,2013-03-08,Penrith,15.8,29.0,0.0,,,ESE,26.0,SE,NNE,7.0
12857,2011-10-06,Moree,13.3,16.6,5.0,2.6,0.3,NE,33.0,ENE,NE,15.0
5893,2017-05-11,BadgerysCreek,7.2,20.9,0.0,,,ESE,17.0,WSW,S,6.0
9797,2011-06-21,CoffsHarbour,5.3,21.0,0.0,1.6,9.5,NNW,35.0,NW,N,13.0
6053,2009-04-25,Cobar,12.7,23.4,0.6,5.0,10.6,NW,46.0,WSW,WNW,13.0
8141,2015-04-17,Cobar,19.7,32.6,0.6,,,ESE,43.0,E,NNE,20.0
9024,2009-04-09,CoffsHarbour,16.1,22.3,9.2,3.0,1.8,WSW,31.0,SW,SE,19.0
13068,2012-05-09,Moree,6.8,27.4,0.0,4.6,10.5,SW,28.0,E,SW,13.0
23358,2016-10-02,NorfolkIsland,19.3,21.6,0.0,,,WNW,39.0,SW,SW,24.0
20504,2017-03-04,NorahHead,20.6,23.3,27.8,,,SE,65.0,S,S,35.0
17613,2017-04-10,Newcastle,11.7,24.0,74.2,,,,,NW,,37.0
2368,2015-09-17,Albury,3.7,17.9,0.0,,,WSW,35.0,SSE,WSW,4.0
22784,2015-03-07,NorfolkIsland,20.8,25.7,3.4,4.2,11.1,SSW,30.0,SSW,SSW,13.0
10797,2014-05-29,CoffsHarbour,11.3,22.5,0.0,,,,,,,
18260,2010-08-29,NorahHead,9.1,18.0,0.0,,,W,24.0,WSW,SE,7.0
15658,2011-07-24,Newcastle,8.5,17.5,9.2,,,,,,NW,0.0
6101,2009-06-12,Cobar,1.9,12.8,0.0,1.2,6.8,NE,26.0,E,NNW,11.0
5046,2014-12-21,BadgerysCreek,13.4,30.5,0.0,,,E,35.0,NNW,ENE,4.0
3789,2011-03-28,BadgerysCreek,13.7,24.3,1.2,,,E,26.0,WSW,ENE,13.0
19265,2013-09-10,NorahHead,17.7,30.3,0.0,,,NNW,57.0,NNW,NNW,31.0
19097,2013-03-20,NorahHead,16.9,27.0,0.0,,,N,46.0,SSW,N,6.0
15248,2010-04-29,Newcastle,13.3,25.0,0.0,,,,,SW,NW,9.0
3822,2011-05-30,BadgerysCreek,10.6,15.8,4.4,,,SSW,39.0,SW,SSW,19.0
8257,2015-08-11,Cobar,4.0,18.6,0.0,4.0,,WSW,33.0,W,WNW,7.0
5721,2016-11-02,BadgerysCreek,6.4,27.6,0.0,,,S,37.0,WSW,WSW,15.0
1985,2014-08-26,Albury,4.7,20.2,0.0,,,SE,30.0,SE,E,17.0
16123,2012-11-21,Newcastle,13.1,26.0,0.8,,,,,NE,SE,4.0
13253,2012-11-13,Moree,14.8,32.5,0.0,8.6,12.7,NE,35.0,N,NNW,26.0
23132,2016-02-18,NorfolkIsland,22.4,25.8,7.0,3.8,0.3,SE,22.0,SE,SE,13.0
5672,2016-09-14,BadgerysCreek,13.9,23.8,2.2,,,N,30.0,,NNW,0.0
8695,2016-10-25,Cobar,8.8,28.4,0.0,6.6,,WNW,33.0,NNE,NNW,17.0
18475,2011-05-04,NorahHead,14.5,19.7,0.8,,,SSW,57.0,SW,S,19.0
420,2010-01-27,Albury,17.7,36.4,0.0,,,W,43.0,S,WSW,7.0
2243,2015-05-15,Albury,2.3,17.8,0.0,,,SSE,15.0,SE,SSE,2.0
8864,2017-04-24,Cobar,18.2,28.6,0.0,,,NE,35.0,ENE,NNE,13.0
16172,2013-03-10,Newcastle,17.8,24.0,0.0,,,,,,S,0.0
3428,2010-03-12,BadgerysCreek,14.5,24.3,0.0,,,ENE,35.0,SSE,ESE,13.0
9668,2011-01-13,CoffsHarbour,21.1,27.1,9.8,2.4,7.1,ENE,31.0,NE,NNE,11.0
21700,2012-01-19,NorfolkIsland,21.0,25.2,0.0,4.4,5.6,ENE,41.0,E,ENE,22.0
16710,2014-09-18,Newcastle,9.2,20.0,0.0,,,,,,SE,0.0
21839,2012-06-06,NorfolkIsland,17.1,21.1,4.2,4.2,6.4,WNW,80.0,WNW,WNW,37.0
14585,2017-01-28,Moree,23.1,36.1,0.0,,,W,50.0,NE,NE,31.0
4115,2012-03-22,BadgerysCreek,16.6,18.9,0.0,,,SSE,35.0,SSW,,9.0
7537,2013-08-21,Cobar,1.5,15.7,0.0,4.0,,WSW,28.0,WNW,WSW,7.0
9198,2009-09-30,CoffsHarbour,10.1,24.7,0.0,4.4,11.1,NE,52.0,NW,NE,24.0
13015,2012-03-17,Moree,20.0,25.0,0.0,7.6,0.2,NE,35.0,SE,SE,7.0
20221,2016-05-25,NorahHead,9.8,19.4,0.0,,,WNW,20.0,NW,SSE,7.0
20237,2016-06-10,NorahHead,13.9,21.5,0.0,,,NW,22.0,WNW,NW,7.0
4172,2012-05-18,BadgerysCreek,4.2,21.5,0.0,,,SW,11.0,,NNE,0.0
24872,2012-09-08,Penrith,8.1,21.2,0.0,,,W,48.0,SSE,SW,6.0
11203,2015-08-17,CoffsHarbour,9.9,20.4,0.6,,,NNW,28.0,NW,E,13.0
1632,2013-09-05,Albury,11.9,22.6,0.0,,,NNE,28.0,E,NNE,4.0
23701,2009-04-01,Penrith,17.9,22.9,36.8,,,SE,39.0,SSE,SE,9.0
5233,2015-06-27,BadgerysCreek,2.2,19.4,0.0,,,SW,13.0,SW,ENE,2.0
11945,2009-03-07,Moree,10.7,30.9,0.0,6.8,11.8,ENE,28.0,ENE,N,17.0
12090,2009-07-30,Moree,1.2,18.1,0.0,3.0,10.0,SW,33.0,,SSW,0.0
11729,2017-01-26,CoffsHarbour,22.8,26.9,0.0,,,WSW,26.0,NW,SSE,7.0
9320,2010-01-30,CoffsHarbour,22.3,28.7,0.0,3.2,9.9,SSW,44.0,SSW,SSE,31.0
851,2011-05-10,Albury,1.1,15.2,0.0,,,NW,26.0,,NW,0.0
20588,2017-05-27,NorahHead,12.7,22.4,0.0,,,NNE,30.0,NW,NE,9.0
14294,2016-04-12,Moree,12.2,29.3,0.0,2.6,11.2,WNW,28.0,SE,WNW,7.0
18615,2011-09-24,NorahHead,16.3,18.6,0.0,,,NE,37.0,NNE,ENE,6.0
21016,2010-02-03,NorfolkIsland,20.4,26.3,6.4,8.0,7.9,E,63.0,E,E,30.0
9439,2010-05-29,CoffsHarbour,13.4,23.2,1.8,0.6,2.8,NNW,35.0,NNW,NNW,13.0
20734,2009-04-27,NorfolkIsland,14.8,23.0,0.0,4.0,9.8,NE,26.0,NE,NNE,13.0
1151,2012-03-10,Albury,10.8,25.9,0.0,,,W,28.0,,WNW,0.0
55,2009-01-26,Albury,15.7,38.4,0.0,,,S,33.0,SSE,WSW,7.0
22487,2014-05-14,NorfolkIsland,13.8,20.2,14.8,2.4,4.8,SSE,37.0,S,SE,11.0
22089,2013-04-11,NorfolkIsland,17.3,21.5,16.6,6.8,0.6,E,50.0,E,E,26.0
15602,2011-05-29,Newcastle,7.2,17.8,5.8,,,,,,,0.0
18144,2010-04-25,NorahHead,15.7,20.7,18.4,,,S,57.0,WSW,WNW,13.0
7785,2014-04-26,Cobar,17.4,24.2,0.0,6.6,,WSW,31.0,SW,WSW,13.0
9191,2009-09-23,CoffsHarbour,17.8,24.5,2.0,1.8,1.5,WNW,69.0,W,WNW,24.0
11504,2016-06-15,CoffsHarbour,10.6,20.4,0.1,,,S,30.0,WNW,S,2.0
20172,2016-04-06,NorahHead,19.5,28.6,0.0,,,NNE,39.0,NNE,NE,13.0
18960,2012-09-04,NorahHead,9.1,22.0,0.0,,,NNE,20.0,NNW,E,7.0
12028,2009-05-29,Moree,9.0,19.9,2.8,1.6,5.9,SSW,28.0,SW,SW,2.0
19977,2015-09-23,NorahHead,8.6,14.7,14.2,,,S,87.0,SW,SSW,20.0
24269,2010-11-25,Penrith,16.2,33.1,0.0,,,E,35.0,SSE,SE,7.0
24346,2011-02-25,Penrith,14.8,31.5,0.0,,,NE,33.0,N,NNW,9.0
22686,2014-11-29,NorfolkIsland,17.2,21.5,1.0,6.2,10.0,SE,37.0,SE,SE,24.0
16250,2013-06-08,Newcastle,11.2,18.0,1.0,,,,,,SE,0.0
6241,2009-10-31,Cobar,19.6,33.4,0.0,8.8,11.8,E,31.0,NNE,W,13.0
17278,2016-04-27,Newcastle,9.8,23.3,0.0,,,,,,,0.0
1589,2013-07-24,Albury,1.9,14.7,0.0,,,W,17.0,SE,W,7.0
24200,2010-09-07,Penrith,5.4,18.8,0.0,,,SSW,31.0,SSW,SSE,4.0
12166,2009-10-14,Moree,14.7,25.4,0.0,12.0,9.7,WNW,61.0,W,W,28.0
20753,2009-05-16,NorfolkIsland,15.3,21.7,0.0,4.6,8.1,NE,37.0,ENE,NE,11.0
11663,2016-11-21,CoffsHarbour,14.7,26.3,0.0,,,NE,50.0,NE,NE,9.0
21217,2010-08-23,NorfolkIsland,14.3,18.2,2.0,5.4,10.1,SW,39.0,S,S,17.0
18457,2011-03-17,NorahHead,21.0,24.1,0.4,,,SSW,33.0,SSW,NNE,13.0
10233,2012-08-31,CoffsHarbour,10.0,17.7,0.0,2.5,,S,41.0,SW,SE,20.0
19911,2015-07-03,NorahHead,8.0,15.1,0.0,,,SSW,41.0,SW,SSW,19.0
1517,2013-05-13,Albury,11.3,15.7,9.8,,,W,41.0,N,W,15.0
8214,2015-06-29,Cobar,2.2,16.3,0.4,0.2,,ESE,19.0,ESE,WNW,11.0
15284,2010-06-04,Newcastle,16.0,19.0,44.6,,,,,,,0.0
3641,2010-10-30,BadgerysCreek,11.4,29.5,0.2,,,ENE,39.0,N,ENE,6.0
11039,2015-03-06,CoffsHarbour,19.2,29.5,0.0,,,N,48.0,W,N,11.0
17959,2009-09-30,NorahHead,12.9,25.3,0.0,,,NE,50.0,NE,NE,9.0
19040,2012-11-24,NorahHead,18.9,25.7,0.0,,,NNE,28.0,E,ENE,13.0
19383,2014-01-18,NorahHead,18.4,24.8,0.2,,,N,48.0,N,N,13.0
2178,2015-03-11,Albury,9.3,31.7,0.0,,,W,39.0,SE,WNW,7.0
21852,2012-06-19,NorfolkIsland,16.6,19.2,0.4,4.2,9.0,WSW,54.0,WSW,SW,30.0
3802,2011-05-10,BadgerysCreek,7.9,18.6,0.0,,,SW,43.0,SW,SW,26.0
13862,2014-11-01,Moree,19.3,36.4,,,,SW,69.0,NNE,NNW,37.0
24802,2012-06-29,Penrith,9.1,20.3,0.0,,,SW,11.0,,W,0.0
10351,2013-01-28,CoffsHarbour,20.9,23.3,208.5,,0.0,NNE,65.0,NE,NNE,37.0
16640,2014-07-10,Newcastle,6.8,15.5,0.0,,,,,N,NW,9.0
8243,2015-07-28,Cobar,0.4,13.2,0.0,1.8,,SSE,28.0,S,SSE,9.0
13083,2012-05-26,Moree,2.1,15.1,0.2,0.3,9.7,WSW,37.0,,SW,0.0
24231,2010-10-18,Penrith,7.9,25.4,0.0,,,W,35.0,SW,NW,6.0
527,2010-05-20,Albury,2.1,16.5,0.0,,,N,13.0,,WSW,0.0
3817,2011-05-25,BadgerysCreek,9.5,16.7,1.2,,,S,50.0,SW,SSW,20.0
13752,2014-06-23,Moree,5.3,21.4,0.4,10.2,9.2,NNW,37.0,ENE,NW,15.0
1810,2014-03-03,Albury,15.9,32.3,0.0,,,SE,19.0,SSE,SE,6.0
1658,2013-10-01,Albury,15.8,17.2,1.6,,,WNW,72.0,N,WNW,17.0
2980,2017-05-26,Albury,8.7,15.6,0.0,,,NE,15.0,NE,ESE,7.0
24857,2012-08-23,Penrith,10.3,28.9,0.0,,,NW,80.0,NW,NW,20.0
13718,2014-05-13,Moree,9.1,25.4,0.0,4.8,10.5,SSE,30.0,NE,SSE,7.0
7286,2012-10-13,Cobar,6.4,20.9,0.0,4.6,,SW,33.0,S,SSW,13.0
11252,2015-10-05,CoffsHarbour,10.4,30.7,0.0,,,NE,24.0,WNW,NE,2.0
13346,2013-04-17,Moree,11.7,28.4,0.0,5.2,9.7,W,35.0,NNE,WNW,13.0
17463,2016-10-30,Newcastle,16.0,30.2,0.0,,,,,NW,,9.0
10560,2013-09-23,CoffsHarbour,11.9,27.8,0.0,3.6,11.2,NE,46.0,NNW,NE,28.0
8626,2016-08-17,Cobar,9.0,22.1,0.0,3.4,,NNE,33.0,NNE,ENE,19.0
12138,2009-09-16,Moree,15.3,30.5,0.0,8.0,11.1,NNE,39.0,NNE,N,26.0
16585,2014-05-16,Newcastle,8.6,23.8,0.5,,,,,,N,0.0
3163,2009-06-02,BadgerysCreek,10.5,18.7,0.0,,,SSW,15.0,SW,,9.0
13997,2015-04-25,Moree,10.5,26.3,0.0,,,WNW,48.0,NNE,NW,13.0
259,2009-08-18,Albury,0.6,15.6,0.0,,,WNW,15.0,,S,0.0
21506,2011-07-09,NorfolkIsland,11.2,18.1,0.4,4.2,8.4,WSW,48.0,WSW,W,13.0
19843,2015-04-25,NorahHead,16.4,25.9,0.0,,,NE,65.0,WNW,NE,9.0
11043,2015-03-10,CoffsHarbour,19.9,28.9,0.0,,,NE,30.0,NW,ENE,13.0
17016,2015-07-28,Newcastle,13.2,17.2,0.0,,,,,,SE,0.0
5569,2016-06-03,BadgerysCreek,7.9,17.9,0.0,,,S,17.0,SW,SE,7.0
6258,2009-11-17,Cobar,23.6,38.2,0.0,16.8,12.1,SW,43.0,SSE,SW,11.0
23643,2009-02-02,Penrith,21.2,35.4,0.0,,,ENE,39.0,NE,NE,4.0
22482,2014-05-09,NorfolkIsland,15.8,19.4,1.8,2.6,0.1,SSW,37.0,SW,SW,20.0
24501,2011-08-30,Penrith,9.3,19.9,0.0,,,ESE,24.0,SSW,ESE,6.0
21310,2010-11-24,NorfolkIsland,16.5,20.9,0.0,8.0,8.5,SE,48.0,SE,SE,26.0
20380,2016-10-31,NorahHead,17.9,19.6,2.6,,,S,56.0,S,SSE,37.0
18054,2010-01-20,NorahHead,17.1,26.6,0.0,,,E,26.0,WNW,E,7.0
16317,2013-08-14,Newcastle,9.2,23.2,0.0,,,,,,NW,0.0
19963,2015-08-27,NorahHead,12.6,19.4,,,,NW,28.0,NW,WNW,7.0
22539,2014-07-05,NorfolkIsland,12.5,18.7,0.0,3.6,2.4,W,19.0,WNW,WNW,6.0
20302,2016-08-14,NorahHead,10.0,18.5,0.0,,,SSW,28.0,WNW,SSW,7.0
14200,2015-12-20,Moree,20.3,34.6,0.2,28.6,13.5,NE,46.0,NNE,N,31.0
9908,2011-10-10,CoffsHarbour,12.0,22.1,0.0,3.8,10.4,NE,30.0,WSW,NE,7.0
8989,2009-03-04,CoffsHarbour,21.1,30.4,0.6,1.8,5.0,NNE,48.0,NNW,NNE,20.0
2676,2016-07-21,Albury,6.2,16.8,0.4,,,W,15.0,W,NNE,11.0
24570,2011-11-09,Penrith,17.9,35.5,3.8,,,N,30.0,,NW,0.0
6670,2011-01-03,Cobar,21.7,36.3,0.0,8.4,,W,50.0,E,SSW,4.0
14341,2016-05-29,Moree,7.9,16.6,0.0,,,SSW,31.0,SSW,SSW,20.0
13938,2015-01-31,Moree,16.2,32.3,0.0,,,WSW,44.0,ESE,W,7.0
4236,2012-07-21,BadgerysCreek,5.7,16.5,0.0,,,SW,30.0,SSW,SSW,17.0
14360,2016-06-17,Moree,11.5,21.7,0.0,3.8,,NNE,43.0,NNE,N,28.0
12958,2012-01-17,Moree,16.7,31.2,,,,NE,44.0,SE,SE,17.0
16299,2013-07-27,Newcastle,4.4,19.8,0.0,,,,,,,0.0
22560,2014-07-26,NorfolkIsland,13.1,18.1,0.0,3.6,8.2,SSE,35.0,SSE,SE,13.0
8266,2015-08-20,Cobar,5.6,21.1,0.0,3.4,,N,31.0,NE,NE,17.0
22349,2013-12-27,NorfolkIsland,17.8,23.4,0.0,4.4,3.9,NE,35.0,ENE,NE,17.0
19599,2014-08-23,NorahHead,10.9,17.8,8.4,,,SE,39.0,SW,SSE,9.0
11673,2016-12-01,CoffsHarbour,17.9,26.7,0.1,,,NNE,44.0,NE,NNE,19.0
7411,2013-04-17,Cobar,9.7,22.9,0.0,7.0,,SW,33.0,SSE,WSW,7.0
6009,2009-03-12,Cobar,21.6,32.2,0.0,11.2,5.8,NNE,48.0,ENE,N,28.0
4967,2014-10-01,BadgerysCreek,13.7,20.9,0.0,,,WSW,61.0,SW,SSW,44.0
22279,2013-10-18,NorfolkIsland,15.5,20.7,0.0,6.0,8.8,ENE,41.0,ENE,NE,19.0
9914,2011-10-16,CoffsHarbour,12.5,25.2,0.2,0.4,12.2,S,30.0,ESE,S,6.0
15505,2011-01-17,Newcastle,19.9,34.5,0.0,,,,,,,0.0
17471,2016-11-07,Newcastle,11.0,33.2,0.0,,,,,NW,,9.0
13883,2014-11-25,Moree,21.6,30.6,0.0,13.2,2.0,SW,39.0,S,SW,20.0
10106,2012-04-26,CoffsHarbour,8.3,22.9,,,,S,35.0,SW,WSW,19.0
11903,2009-01-24,Moree,23.2,35.5,0.0,5.2,10.9,NNE,28.0,N,WNW,15.0
20815,2009-07-17,NorfolkIsland,14.7,18.5,15.2,1.8,3.9,NNW,57.0,WNW,W,26.0
5738,2016-11-19,BadgerysCreek,15.2,27.3,0.0,,,SE,28.0,SE,E,6.0
2845,2017-01-06,Albury,17.1,35.4,0.0,,,E,30.0,ESE,SSE,9.0
13550,2013-11-07,Moree,15.7,32.3,0.0,12.0,12.6,NE,43.0,NNE,NNE,28.0
3396,2010-01-31,BadgerysCreek,19.0,29.8,0.4,,,NNE,54.0,E,,4.0
6716,2011-02-18,Cobar,21.7,35.5,0.0,6.8,,NNE,44.0,NE,NE,15.0
6834,2011-07-16,Cobar,4.6,11.1,7.2,2.2,,ENE,35.0,ENE,ENE,17.0
18984,2012-09-29,NorahHead,18.0,25.2,0.6,,,N,57.0,NW,W,7.0
22760,2015-02-11,NorfolkIsland,20.7,25.5,0.4,7.8,11.0,ESE,54.0,ESE,ESE,28.0
889,2011-06-17,Albury,3.0,12.6,1.0,,,WNW,35.0,NW,W,11.0
10268,2012-10-05,CoffsHarbour,10.6,32.7,0.0,4.4,,SSW,41.0,ESE,NNE,7.0
13271,2013-01-04,Moree,20.9,35.8,0.0,,,ENE,52.0,NNE,NNW,28.0
24000,2010-02-06,Penrith,20.0,23.9,92.2,,,S,35.0,SSW,S,13.0
21000,2010-01-18,NorfolkIsland,19.6,25.2,0.0,5.4,10.7,ENE,37.0,NNE,NNE,13.0
13169,2012-08-20,Moree,3.8,18.9,0.0,2.6,9.3,E,24.0,ENE,SW,11.0
10586,2013-10-19,CoffsHarbour,15.0,22.7,27.2,1.8,,SSW,39.0,SW,S,22.0
1115,2012-02-03,Albury,17.0,29.8,0.0,,,SSW,31.0,SSE,WSW,15.0
24564,2011-11-03,Penrith,14.1,18.1,3.6,,,SE,26.0,ESE,E,4.0
10034,2012-02-13,CoffsHarbour,18.7,26.6,45.2,9.6,7.2,SSW,56.0,SW,SE,11.0
19248,2013-08-19,NorahHead,13.1,22.3,0.0,,,WSW,44.0,N,W,24.0
20765,2009-05-28,NorfolkIsland,15.5,19.4,0.6,3.6,9.5,ESE,24.0,ESE,SE,11.0
4424,2013-03-27,BadgerysCreek,18.3,32.3,0.0,,,NNE,22.0,N,N,4.0
18743,2012-01-30,NorahHead,20.8,28.2,2.2,,,NE,54.0,NNE,N,22.0
19264,2013-09-09,NorahHead,17.5,25.2,0.0,,,NNE,31.0,N,NNE,7.0
11517,2016-06-28,CoffsHarbour,3.2,19.2,0.0,,,SSW,65.0,SW,SSW,33.0
14000,2015-04-28,Moree,4.1,22.0,0.0,5.2,10.6,E,24.0,,NNW,0.0
18511,2011-06-11,NorahHead,10.9,17.1,9.4,,,S,57.0,SW,SSW,15.0
9562,2010-09-29,CoffsHarbour,14.6,21.9,6.6,3.8,8.1,S,52.0,S,SSE,20.0
24710,2012-03-29,Penrith,14.9,28.1,0.0,,,S,41.0,,SE,0.0
7888,2014-08-07,Cobar,4.3,18.6,0.0,2.6,,SW,28.0,E,SSE,9.0
6605,2010-10-30,Cobar,18.2,25.3,1.2,7.8,,NNW,63.0,SSE,N,6.0
19931,2015-07-23,NorahHead,11.7,17.9,0.4,,,WNW,30.0,W,SSE,11.0
5894,2017-05-12,BadgerysCreek,8.5,19.8,0.0,,,SW,20.0,SW,S,15.0
6434,2010-05-12,Cobar,3.5,15.7,0.0,4.6,10.0,SSW,31.0,S,S,9.0
4569,2013-08-20,BadgerysCreek,5.3,14.8,0.0,,,WSW,50.0,WSW,W,26.0
23131,2016-02-17,NorfolkIsland,22.7,27.3,15.2,3.6,4.1,NNW,48.0,NNE,NW,24.0
22046,2013-01-30,NorfolkIsland,19.0,25.1,0.6,7.2,7.5,ESE,56.0,E,E,28.0
16342,2013-09-08,Newcastle,16.8,22.5,0.4,,,,,SW,SE,4.0
12700,2011-05-01,Moree,10.7,26.7,0.0,6.0,10.1,SW,35.0,E,SSW,9.0
2406,2015-10-25,Albury,10.0,30.5,0.0,,,ENE,28.0,ESE,N,7.0
16768,2014-11-15,Newcastle,19.5,26.2,0.0,,,,,,,0.0
3845,2011-06-22,BadgerysCreek,2.9,15.8,0.0,,,W,52.0,SE,WSW,4.0
21136,2010-06-03,NorfolkIsland,15.6,20.7,0.0,2.0,6.3,ESE,26.0,,SE,0.0
20903,2009-10-13,NorfolkIsland,12.0,19.3,0.0,4.0,9.5,WNW,35.0,WNW,WNW,15.0
2346,2015-08-26,Albury,5.8,15.0,15.2,,,S,19.0,SSE,SSW,7.0
3584,2010-09-02,BadgerysCreek,13.0,18.6,0.0,,,S,24.0,SW,ESE,9.0
22676,2014-11-19,NorfolkIsland,17.2,22.6,0.0,5.4,12.7,SSW,33.0,SSE,S,17.0
14501,2016-11-05,Moree,13.1,33.0,0.0,,,WSW,67.0,NNW,WSW,15.0
17378,2016-08-05,Newcastle,11.0,15.8,7.6,,,,,,,0.0
24822,2012-07-19,Penrith,3.9,15.8,0.0,,,SW,31.0,SSE,SSE,2.0
10378,2013-03-24,CoffsHarbour,19.5,30.0,1.4,2.8,,WNW,33.0,SE,W,4.0
17154,2015-12-17,Newcastle,17.2,27.8,0.0,,,,,SE,,9.0
19772,2015-02-13,NorahHead,22.2,28.0,0.0,,,NNE,41.0,SE,SE,13.0
5347,2015-10-20,BadgerysCreek,15.4,32.7,0.0,,,WNW,41.0,WNW,NNW,2.0
13719,2014-05-14,Moree,9.5,24.4,0.0,5.2,10.5,E,33.0,E,SE,20.0
3363,2009-12-25,BadgerysCreek,19.4,28.7,0.0,,,SE,26.0,W,SSE,11.0
21955,2012-09-30,NorfolkIsland,12.1,19.2,0.0,4.6,6.5,WNW,37.0,WNW,WNW,11.0
6477,2010-06-24,Cobar,9.2,20.6,0.0,2.0,9.4,NNE,33.0,NE,NE,17.0
16119,2012-11-17,Newcastle,15.4,21.3,0.0,,,,,SE,SE,9.0
8617,2016-08-08,Cobar,3.8,19.5,0.0,0.8,,NNW,17.0,ENE,W,7.0
11227,2015-09-10,CoffsHarbour,9.9,20.9,0.0,,,S,37.0,SW,S,22.0
11219,2015-09-02,CoffsHarbour,3.5,20.8,0.0,,,NNE,43.0,NW,NNE,6.0
4353,2012-11-17,BadgerysCreek,13.6,22.5,13.0,,,ESE,30.0,SW,E,2.0
17189,2016-01-21,Newcastle,22.0,37.2,0.0,,,,,NE,,9.0
11345,2016-01-08,CoffsHarbour,17.5,25.8,0.0,,,SW,35.0,SW,SSE,20.0
16634,2014-07-04,Newcastle,4.4,20.2,0.0,,,,,NW,N,4.0
5540,2016-05-05,BadgerysCreek,7.0,24.2,0.0,,,N,19.0,S,NNE,2.0
12260,2010-01-16,Moree,21.6,32.9,0.0,9.6,9.9,SW,59.0,NNE,WNW,28.0
14530,2016-12-04,Moree,24.1,41.7,0.0,,,NE,52.0,NNE,NE,24.0
2730,2016-09-13,Albury,6.9,19.7,0.0,,,NE,31.0,SE,NNE,9.0
7022,2012-01-23,Cobar,19.7,31.2,0.0,14.2,,E,46.0,ENE,ENE,24.0
21957,2012-10-02,NorfolkIsland,14.3,18.7,2.6,3.0,10.4,SSW,37.0,SSE,SSE,20.0
23853,2009-09-01,Penrith,5.6,23.4,0.0,,,S,28.0,SW,NNE,2.0
21159,2010-06-26,NorfolkIsland,14.5,18.5,0.0,4.0,7.7,WSW,37.0,WSW,SW,17.0
24543,2011-10-13,Penrith,13.7,21.4,0.0,,,ENE,26.0,SSW,NNE,6.0
711,2010-11-21,Albury,12.7,29.7,0.0,,,N,22.0,E,W,11.0
14667,2017-04-20,Moree,12.4,27.5,0.0,,,E,37.0,E,ENE,22.0
16219,2013-05-01,Newcastle,15.5,28.5,0.2,,,,,NW,NW,9.0
4320,2012-10-15,BadgerysCreek,6.2,29.1,0.0,,,SW,31.0,NW,NE,4.0
6950,2011-11-12,Cobar,16.4,32.2,0.0,23.3,,SW,28.0,ESE,SW,13.0
8288,2015-09-11,Cobar,6.4,24.2,0.0,5.2,,NNE,50.0,ENE,W,15.0
6516,2010-08-02,Cobar,3.8,12.0,0.0,2.4,,SW,46.0,SW,SW,26.0
18498,2011-05-28,NorahHead,10.1,16.3,2.8,,,SSE,39.0,W,WSW,15.0
4993,2014-10-28,BadgerysCreek,9.5,28.1,0.0,,,WNW,48.0,W,WSW,11.0
8832,2017-03-23,Cobar,22.0,37.6,0.0,,,NNE,39.0,NNE,N,19.0
9874,2011-09-06,CoffsHarbour,11.2,22.5,0.0,3.0,10.6,NE,44.0,NNW,NNE,24.0
3386,2010-01-19,BadgerysCreek,10.0,29.0,0.0,,,NW,59.0,SW,WSW,17.0
17204,2016-02-05,Newcastle,18.5,24.8,4.6,,,,,SE,,37.0
3635,2010-10-24,BadgerysCreek,11.8,16.9,4.0,,,S,35.0,SW,SSW,17.0
501,2010-04-24,Albury,15.4,19.8,3.6,,,NNW,46.0,NNE,NNW,11.0
17403,2016-08-30,Newcastle,9.3,22.2,0.0,,,,,N,,9.0
14023,2015-06-04,Moree,-0.1,16.4,0.0,2.4,,WSW,22.0,ENE,W,9.0
21855,2012-06-22,NorfolkIsland,13.3,19.4,0.0,2.8,9.0,NE,22.0,S,NE,2.0
